PatternID,PatternSet,PatternNature,PatternName,PatternDescription,RegexPattern,Priority,Category,Fix,Remediation,RemediationDescription,RemediationEffort,Mandays,JDK8Compatible,JDK21Compatible,CompatibilityStatus,PlanFirstChange,ScriptableBySearchReplace,CompatibilityRuleHint
200,Set 3 - Third Party,THRID-PARTY,aacm.jar,Third-party library present in application lib folder (exploded project).,\baacm(?:-[\w\.-]+)?\.jar\b,Medium,Third-Party Dependencies,Dual-runtime: manage this dependency in Maven/Gradle and upgrade to a maintained Java-8-baseline release; validate on JDK 8 and JDK 21.,Upgrade/Replace,Replace exploded lib with build-managed dependency; choose a release that supports Java 8 and test on JDK 21.,Medium,0.5,Yes,Unknown,Review,Yes,No,Dual-Review
201,Set 3 - Third Party,THRID-PARTY,avalon-framework-cvs-20020806.jar,Third-party library present in application lib folder (exploded project).,\bavalon\-framework\-cvs[-_](?:[\w\.-]+)?\.jar\b,Medium,Third-Party Dependencies,Dual-runtime: manage this dependency in Maven/Gradle and upgrade to a maintained Java-8-baseline release; validate on JDK 8 and JDK 21.,Upgrade/Replace,Replace exploded lib with build-managed dependency; choose a release that supports Java 8 and test on JDK 21.,Medium,0.5,Yes,Unknown,Review,Yes,No,Dual-Review
202,Set 3 - Third Party,THRID-PARTY,backport-util-concurrent.jar,Third-party library present in application lib folder (exploded project).,\bbackport\-util\-concurrent(?:-[\w\.-]+)?\.jar\b,Medium,Third-Party Dependencies,Dual-runtime: manage this dependency in Maven/Gradle and upgrade to a maintained Java-8-baseline release; validate on JDK 8 and JDK 21.,Upgrade/Replace,Replace exploded lib with build-managed dependency; choose a release that supports Java 8 and test on JDK 21.,Medium,0.5,Yes,Unknown,Review,Yes,No,Dual-Review
203,Set 3 - Third Party,THRID-PARTY,batik.jar,Third-party library present in application lib folder (exploded project).,"(?:\bbatik(?:-[\w\.-]+)?\.jar\b)|(?i)(?:<\s*groupId\s*>\s*org\.apache\.xmlgraphics\s*<\s*/\s*groupId\s*>[\s\S]{0,300}?<\s*artifactId\s*>\s*batik\s*<\s*/\s*artifactId\s*>|<\s*artifactId\s*>\s*batik\s*<\s*/\s*artifactId\s*>|\borg\.apache\.xmlgraphics\s*:\s*batik\b|\bbatik\b)",Medium,Third-Party Dependencies,Dual-runtime: manage this dependency in Maven/Gradle and upgrade to a maintained Java-8-baseline release; validate on JDK 8 and JDK 21.,Upgrade/Replace,Replace exploded lib with build-managed dependency; choose a release that supports Java 8 and test on JDK 21.,Medium,0.5,Yes,Unknown,Review,Yes,No,Dual-Review;POM
204,Set 3 - Third Party,THRID-PARTY,bcpkix-jdk18on-1.76.jar,Third-party library present in application lib folder (exploded project).,\bbcpkix\-jdk18on[-_](?:[\w\.-]+)?\.jar\b,Medium,Crypto Providers,Dual-runtime: upgrade crypto providers to Java-8-baseline releases and validate provider configuration on JDK 8 and JDK 21.,Upgrade,Upgrade provider jars; validate provider order/FIPS/TLS.,Medium,1.0,Yes,Yes,Safe,Yes,No,Dual-Crypto
205,Set 3 - Third Party,THRID-PARTY,bcprov-jdk14-143.jar,Third-party library present in application lib folder (exploded project).,\bbcprov\-jdk14[-_](?:[\w\.-]+)?\.jar\b,Medium,Crypto Providers,Dual-runtime: upgrade crypto providers to Java-8-baseline releases and validate provider configuration on JDK 8 and JDK 21.,Upgrade,Upgrade provider jars; validate provider order/FIPS/TLS.,Medium,1.0,Yes,Yes,Safe,Yes,No,Dual-Crypto
206,Set 3 - Third Party,THRID-PARTY,bsh-2.0b2.jar,Third-party library present in application lib folder (exploded project).,\bbsh[-_](?:[\w\.-]+)?\.jar\b,Medium,Third-Party Dependencies,Dual-runtime: manage this dependency in Maven/Gradle and upgrade to a maintained Java-8-baseline release; validate on JDK 8 and JDK 21.,Upgrade/Replace,Replace exploded lib with build-managed dependency; choose a release that supports Java 8 and test on JDK 21.,Medium,0.5,Yes,Unknown,Review,Yes,No,Dual-Review
207,Set 3 - Third Party,THRID-PARTY,castor-0.9.9.1.jar,Third-party library present in application lib folder (exploded project).,\bcastor[-_](?:[\w\.-]+)?\.jar\b,Medium,Third-Party Dependencies,Dual-runtime: manage this dependency in Maven/Gradle and upgrade to a maintained Java-8-baseline release; validate on JDK 8 and JDK 21.,Upgrade/Replace,Replace exploded lib with build-managed dependency; choose a release that supports Java 8 and test on JDK 21.,Medium,0.5,Yes,Unknown,Review,Yes,No,Dual-Review
208,Set 3 - Third Party,THRID-PARTY,cglib-full-2.0.2.jar,Third-party library present in application lib folder (exploded project).,\bcglib\-full[-_](?:[\w\.-]+)?\.jar\b,Medium,Third-Party Dependencies,Dual-runtime: manage this dependency in Maven/Gradle and upgrade to a maintained Java-8-baseline release; validate on JDK 8 and JDK 21.,Upgrade/Replace,Replace exploded lib with build-managed dependency; choose a release that supports Java 8 and test on JDK 21.,Medium,0.5,Yes,Unknown,Review,Yes,No,Dual-Review
209,Set 3 - Third Party,THRID-PARTY,classes12.jar,Third-party library present in application lib folder (exploded project).,\bojdbc(?:[\.-]?\d[\w\.-]*)?\.jar\b|\bclasses12\.jar\b,High,Driver Upgrade,Dual-runtime: replace old Oracle JDBC jars with ojdbc8 (Java 8 baseline) and validate on JDK 21; avoid ojdbc11 if JDK 8 runtime must remain supported.,Upgrade,Replace driver jar; validate TLS/timezone/NLS on both runtimes.,Medium,1.0,Yes,Yes,Safe,Yes,No,Dual-JDBC-Upgrade
210,Set 3 - Third Party,THRID-PARTY,com.ibm.mq.jar,Third-party library present in application lib folder (exploded project).,\bcom\.ibm\.mq(?:-[\w\.-]+)?\.jar\b,Medium,Third-Party Dependencies,Dual-runtime: manage this dependency in Maven/Gradle and upgrade to a maintained Java-8-baseline release; validate on JDK 8 and JDK 21.,Upgrade/Replace,Replace exploded lib with build-managed dependency; choose a release that supports Java 8 and test on JDK 21.,Medium,0.5,Yes,Unknown,Review,Yes,No,Dual-Review
211,Set 3 - Third Party,THRID-PARTY,com.ibm.mqbind.jar,Third-party library present in application lib folder (exploded project).,\bcom\.ibm\.mqbind(?:-[\w\.-]+)?\.jar\b,Medium,Third-Party Dependencies,Dual-runtime: manage this dependency in Maven/Gradle and upgrade to a maintained Java-8-baseline release; validate on JDK 8 and JDK 21.,Upgrade/Replace,Replace exploded lib with build-managed dependency; choose a release that supports Java 8 and test on JDK 21.,Medium,0.5,Yes,Unknown,Review,Yes,No,Dual-Review
212,Set 3 - Third Party,THRID-PARTY,com.ibm.mqjms.jar,Third-party library present in application lib folder (exploded project).,\bcom\.ibm\.mqjms(?:-[\w\.-]+)?\.jar\b,Medium,Third-Party Dependencies,Dual-runtime: manage this dependency in Maven/Gradle and upgrade to a maintained Java-8-baseline release; validate on JDK 8 and JDK 21.,Upgrade/Replace,Replace exploded lib with build-managed dependency; choose a release that supports Java 8 and test on JDK 21.,Medium,0.5,Yes,Unknown,Review,Yes,No,Dual-Review
213,Set 3 - Third Party,THRID-PARTY,commons-beanutils.jar,Third-party library present in application lib folder (exploded project).,"(?:\bcommons\-beanutils(?:-[\w\.-]+)?\.jar\b)|(?i)(?:<\s*groupId\s*>\s*commons\-beanutils\s*<\s*/\s*groupId\s*>[\s\S]{0,300}?<\s*artifactId\s*>\s*commons\-beanutils\s*<\s*/\s*artifactId\s*>|<\s*artifactId\s*>\s*commons\-beanutils\s*<\s*/\s*artifactId\s*>|\bcommons\-beanutils\s*:\s*commons\-beanutils\b|\bcommons\-beanutils\b)",Medium,Third-Party Dependencies,Dual-runtime: manage this dependency in Maven/Gradle and upgrade to a maintained Java-8-baseline release; validate on JDK 8 and JDK 21.,Upgrade/Replace,Replace exploded lib with build-managed dependency; choose a release that supports Java 8 and test on JDK 21.,Medium,0.5,Yes,Unknown,Review,Yes,No,Dual-Review;POM
214,Set 3 - Third Party,THRID-PARTY,commons-betwixt-1.0-alpha-1.jar,Third-party library present in application lib folder (exploded project).,\bcommons\-betwixt[-_](?:[\w\.-]+)?\.jar\b,Medium,Pre-Release/Alpha,Dual-runtime: replace alpha/beta/snapshot libraries with stable maintained releases that support Java 8; validate on JDK 21.,Replace,Upgrade to stable release; verify runtime and security.,Medium,1.0,Yes,Yes,Safe,Yes,No,Dual-Replace-PreRelease
215,Set 3 - Third Party,THRID-PARTY,commons-codec-1.3.jar,Third-party library present in application lib folder (exploded project).,\bcommons\-codec[-_](?:[\w\.-]+)?\.jar\b,Medium,Third-Party Dependencies,Dual-runtime: manage this dependency in Maven/Gradle and upgrade to a maintained Java-8-baseline release; validate on JDK 8 and JDK 21.,Upgrade/Replace,Replace exploded lib with build-managed dependency; choose a release that supports Java 8 and test on JDK 21.,Medium,0.5,Yes,Unknown,Review,Yes,No,Dual-Review
216,Set 3 - Third Party,THRID-PARTY,commons-collections-3.2.2.jar,Third-party library present in application lib folder (exploded project).,\bcommons\-collections[-_](?:[\w\.-]+)?\.jar\b,Medium,Third-Party Dependencies,Dual-runtime: manage this dependency in Maven/Gradle and upgrade to a maintained Java-8-baseline release; validate on JDK 8 and JDK 21.,Upgrade/Replace,Replace exploded lib with build-managed dependency; choose a release that supports Java 8 and test on JDK 21.,Medium,0.5,Yes,Unknown,Review,Yes,No,Dual-Review
217,Set 3 - Third Party,THRID-PARTY,commons-dbcp-1.2.1.jar,Third-party library present in application lib folder (exploded project).,\bcommons\-dbcp[-_](?:[\w\.-]+)?\.jar\b,Medium,Third-Party Dependencies,Dual-runtime: manage this dependency in Maven/Gradle and upgrade to a maintained Java-8-baseline release; validate on JDK 8 and JDK 21.,Upgrade/Replace,Replace exploded lib with build-managed dependency; choose a release that supports Java 8 and test on JDK 21.,Medium,0.5,Yes,Unknown,Review,Yes,No,Dual-Review
218,Set 3 - Third Party,THRID-PARTY,commons-dbutils-1.0.jar,Third-party library present in application lib folder (exploded project).,\bcommons\-dbutils[-_](?:[\w\.-]+)?\.jar\b,Medium,Third-Party Dependencies,Dual-runtime: manage this dependency in Maven/Gradle and upgrade to a maintained Java-8-baseline release; validate on JDK 8 and JDK 21.,Upgrade/Replace,Replace exploded lib with build-managed dependency; choose a release that supports Java 8 and test on JDK 21.,Medium,0.5,Yes,Unknown,Review,Yes,No,Dual-Review
219,Set 3 - Third Party,THRID-PARTY,commons-digester.jar,Third-party library present in application lib folder (exploded project).,\bcommons\-digester(?:-[\w\.-]+)?\.jar\b,Medium,Third-Party Dependencies,Dual-runtime: manage this dependency in Maven/Gradle and upgrade to a maintained Java-8-baseline release; validate on JDK 8 and JDK 21.,Upgrade/Replace,Replace exploded lib with build-managed dependency; choose a release that supports Java 8 and test on JDK 21.,Medium,0.5,Yes,Unknown,Review,Yes,No,Dual-Review
220,Set 3 - Third Party,THRID-PARTY,commons-fileupload.jar,Third-party library present in application lib folder (exploded project).,\bcommons\-fileupload(?:-[\w\.-]+)?\.jar\b,Medium,Third-Party Dependencies,Dual-runtime: manage this dependency in Maven/Gradle and upgrade to a maintained Java-8-baseline release; validate on JDK 8 and JDK 21.,Upgrade/Replace,Replace exploded lib with build-managed dependency; choose a release that supports Java 8 and test on JDK 21.,Medium,0.5,Yes,Unknown,Review,Yes,No,Dual-Review
221,Set 3 - Third Party,THRID-PARTY,commons-httpclient-3.0-beta1.jar,Third-party library present in application lib folder (exploded project).,\bcommons\-httpclient[-_](?:[\w\.-]+)?\.jar\b,Medium,HTTP Client Migration,Dual-runtime: migrate from HttpClient 3.x APIs to HttpClient 4.5.x/5.x (Java 8+); refactor code; test on both runtimes.,Refactor,Replace API usages; verify timeouts/pooling/TLS.,Medium,1.5,Yes,Yes,Requires Migration,No,No,Dual-HttpClient-Refactor
222,Set 3 - Third Party,THRID-PARTY,commons-lang-2.0.jar,Third-party library present in application lib folder (exploded project).,\bcommons\-lang[-_](?:[\w\.-]+)?\.jar\b,Medium,Third-Party Dependencies,Dual-runtime: manage this dependency in Maven/Gradle and upgrade to a maintained Java-8-baseline release; validate on JDK 8 and JDK 21.,Upgrade/Replace,Replace exploded lib with build-managed dependency; choose a release that supports Java 8 and test on JDK 21.,Medium,0.5,Yes,Unknown,Review,Yes,No,Dual-Review
223,Set 3 - Third Party,THRID-PARTY,commons-logging.jar,Third-party library present in application lib folder (exploded project).,\bcommons\-logging(?:-[\w\.-]+)?\.jar\b,Medium,Third-Party Dependencies,Dual-runtime: manage this dependency in Maven/Gradle and upgrade to a maintained Java-8-baseline release; validate on JDK 8 and JDK 21.,Upgrade/Replace,Replace exploded lib with build-managed dependency; choose a release that supports Java 8 and test on JDK 21.,Medium,0.5,Yes,Unknown,Review,Yes,No,Dual-Review
224,Set 3 - Third Party,THRID-PARTY,commons-mail-alpha.jar,Third-party library present in application lib folder (exploded project).,\bcommons\-mail\-alpha(?:-[\w\.-]+)?\.jar\b,Medium,Pre-Release/Alpha,Dual-runtime: replace alpha/beta/snapshot libraries with stable maintained releases that support Java 8; validate on JDK 21.,Replace,Upgrade to stable release; verify runtime and security.,Medium,1.0,Yes,Yes,Safe,Yes,No,Dual-Replace-PreRelease
225,Set 3 - Third Party,THRID-PARTY,commons-net-1.1.0.jar,Third-party library present in application lib folder (exploded project).,\bcommons\-net[-_](?:[\w\.-]+)?\.jar\b,Medium,Third-Party Dependencies,Dual-runtime: manage this dependency in Maven/Gradle and upgrade to a maintained Java-8-baseline release; validate on JDK 8 and JDK 21.,Upgrade/Replace,Replace exploded lib with build-managed dependency; choose a release that supports Java 8 and test on JDK 21.,Medium,0.5,Yes,Unknown,Review,Yes,No,Dual-Review
226,Set 3 - Third Party,THRID-PARTY,commons-pool-1.2.jar,Third-party library present in application lib folder (exploded project).,\bcommons\-pool[-_](?:[\w\.-]+)?\.jar\b,Medium,Third-Party Dependencies,Dual-runtime: manage this dependency in Maven/Gradle and upgrade to a maintained Java-8-baseline release; validate on JDK 8 and JDK 21.,Upgrade/Replace,Replace exploded lib with build-managed dependency; choose a release that supports Java 8 and test on JDK 21.,Medium,0.5,Yes,Unknown,Review,Yes,No,Dual-Review
227,Set 3 - Third Party,THRID-PARTY,commons-validator.jar,Third-party library present in application lib folder (exploded project).,\bcommons\-validator(?:-[\w\.-]+)?\.jar\b,Medium,Third-Party Dependencies,Dual-runtime: manage this dependency in Maven/Gradle and upgrade to a maintained Java-8-baseline release; validate on JDK 8 and JDK 21.,Upgrade/Replace,Replace exploded lib with build-managed dependency; choose a release that supports Java 8 and test on JDK 21.,Medium,0.5,Yes,Unknown,Review,Yes,No,Dual-Review
228,Set 3 - Third Party,THRID-PARTY,concurrent.jar,Third-party library present in application lib folder (exploded project).,\bconcurrent(?:-[\w\.-]+)?\.jar\b,Medium,Third-Party Dependencies,Dual-runtime: manage this dependency in Maven/Gradle and upgrade to a maintained Java-8-baseline release; validate on JDK 8 and JDK 21.,Upgrade/Replace,Replace exploded lib with build-managed dependency; choose a release that supports Java 8 and test on JDK 21.,Medium,0.5,Yes,Unknown,Review,Yes,No,Dual-Review
229,Set 3 - Third Party,THRID-PARTY,core-3.4.1.jar,Third-party library present in application lib folder (exploded project).,\bcore[-_](?:[\w\.-]+)?\.jar\b,Medium,Third-Party Dependencies,Dual-runtime: manage this dependency in Maven/Gradle and upgrade to a maintained Java-8-baseline release; validate on JDK 8 and JDK 21.,Upgrade/Replace,Replace exploded lib with build-managed dependency; choose a release that supports Java 8 and test on JDK 21.,Medium,0.5,Yes,Unknown,Review,Yes,No,Dual-Review
230,Set 3 - Third Party,THRID-PARTY,cos.jar,Third-party library present in application lib folder (exploded project).,\bcos(?:-[\w\.-]+)?\.jar\b,Medium,Third-Party Dependencies,Dual-runtime: manage this dependency in Maven/Gradle and upgrade to a maintained Java-8-baseline release; validate on JDK 8 and JDK 21.,Upgrade/Replace,Replace exploded lib with build-managed dependency; choose a release that supports Java 8 and test on JDK 21.,Medium,0.5,Yes,Unknown,Review,Yes,No,Dual-Review
231,Set 3 - Third Party,THRID-PARTY,dhbcore.jar,Third-party library present in application lib folder (exploded project).,\bdhbcore(?:-[\w\.-]+)?\.jar\b,Medium,Third-Party Dependencies,Dual-runtime: manage this dependency in Maven/Gradle and upgrade to a maintained Java-8-baseline release; validate on JDK 8 and JDK 21.,Upgrade/Replace,Replace exploded lib with build-managed dependency; choose a release that supports Java 8 and test on JDK 21.,Medium,0.5,Yes,Unknown,Review,Yes,No,Dual-Review
232,Set 3 - Third Party,THRID-PARTY,dom4j-1.5-rc1.jar,Third-party library present in application lib folder (exploded project).,\bdom4j[-_](?:[\w\.-]+)?\.jar\b,Medium,Third-Party Dependencies,Dual-runtime: manage this dependency in Maven/Gradle and upgrade to a maintained Java-8-baseline release; validate on JDK 8 and JDK 21.,Upgrade/Replace,Replace exploded lib with build-managed dependency; choose a release that supports Java 8 and test on JDK 21.,Medium,0.5,Yes,Unknown,Review,Yes,No,Dual-Review
233,Set 3 - Third Party,THRID-PARTY,eddsa-0.3.0.jar,Third-party library present in application lib folder (exploded project).,\beddsa[-_](?:[\w\.-]+)?\.jar\b,Medium,Crypto Providers,Dual-runtime: upgrade crypto providers to Java-8-baseline releases and validate provider configuration on JDK 8 and JDK 21.,Upgrade,Upgrade provider jars; validate provider order/FIPS/TLS.,Medium,1.0,Yes,Yes,Safe,Yes,No,Dual-Crypto
234,Set 3 - Third Party,THRID-PARTY,EDU.jar,Third-party library present in application lib folder (exploded project).,\bEDU(?:-[\w\.-]+)?\.jar\b,Medium,Third-Party Dependencies,Dual-runtime: manage this dependency in Maven/Gradle and upgrade to a maintained Java-8-baseline release; validate on JDK 8 and JDK 21.,Upgrade/Replace,Replace exploded lib with build-managed dependency; choose a release that supports Java 8 and test on JDK 21.,Medium,0.5,Yes,Unknown,Review,Yes,No,Dual-Review
235,Set 3 - Third Party,THRID-PARTY,ehcache-0.9.jar,Third-party library present in application lib folder (exploded project).,\behcache[-_](?:[\w\.-]+)?\.jar\b,Medium,Third-Party Dependencies,Dual-runtime: manage this dependency in Maven/Gradle and upgrade to a maintained Java-8-baseline release; validate on JDK 8 and JDK 21.,Upgrade/Replace,Replace exploded lib with build-managed dependency; choose a release that supports Java 8 and test on JDK 21.,Medium,0.5,Yes,Unknown,Review,Yes,No,Dual-Review
236,Set 3 - Third Party,THRID-PARTY,fop.jar,Third-party library present in application lib folder (exploded project).,"(?:\bfop(?:-[\w\.-]+)?\.jar\b)|(?i)(?:<\s*groupId\s*>\s*org\.apache\.xmlgraphics\s*<\s*/\s*groupId\s*>[\s\S]{0,300}?<\s*artifactId\s*>\s*fop\s*<\s*/\s*artifactId\s*>|<\s*artifactId\s*>\s*fop\s*<\s*/\s*artifactId\s*>|\borg\.apache\.xmlgraphics\s*:\s*fop\b|\bfop\b)",Medium,Third-Party Dependencies,Dual-runtime: manage this dependency in Maven/Gradle and upgrade to a maintained Java-8-baseline release; validate on JDK 8 and JDK 21.,Upgrade/Replace,Replace exploded lib with build-managed dependency; choose a release that supports Java 8 and test on JDK 21.,Medium,0.5,Yes,Unknown,Review,Yes,No,Dual-Review;POM
237,Set 3 - Third Party,THRID-PARTY,framework-1.3.2.jar,Third-party library present in application lib folder (exploded project).,\bframework[-_](?:[\w\.-]+)?\.jar\b,Medium,Third-Party Dependencies,Dual-runtime: manage this dependency in Maven/Gradle and upgrade to a maintained Java-8-baseline release; validate on JDK 8 and JDK 21.,Upgrade/Replace,Replace exploded lib with build-managed dependency; choose a release that supports Java 8 and test on JDK 21.,Medium,0.5,Yes,Unknown,Review,Yes,No,Dual-Review
238,Set 3 - Third Party,THRID-PARTY,fscontext.jar,Third-party library present in application lib folder (exploded project).,\bfscontext(?:-[\w\.-]+)?\.jar\b,Medium,Third-Party Dependencies,Dual-runtime: manage this dependency in Maven/Gradle and upgrade to a maintained Java-8-baseline release; validate on JDK 8 and JDK 21.,Upgrade/Replace,Replace exploded lib with build-managed dependency; choose a release that supports Java 8 and test on JDK 21.,Medium,0.5,Yes,Unknown,Review,Yes,No,Dual-Review
239,Set 3 - Third Party,THRID-PARTY,gel_ciom.jar,Third-party library present in application lib folder (exploded project).,\bgel_ciom(?:-[\w\.-]+)?\.jar\b,Medium,Third-Party Dependencies,Dual-runtime: manage this dependency in Maven/Gradle and upgrade to a maintained Java-8-baseline release; validate on JDK 8 and JDK 21.,Upgrade/Replace,Replace exploded lib with build-managed dependency; choose a release that supports Java 8 and test on JDK 21.,Medium,0.5,Yes,Unknown,Review,Yes,No,Dual-Review
240,Set 3 - Third Party,THRID-PARTY,gel_epay_online.jar,Third-party library present in application lib folder (exploded project).,\bgel_epay_online(?:-[\w\.-]+)?\.jar\b,Medium,Third-Party Dependencies,Dual-runtime: manage this dependency in Maven/Gradle and upgrade to a maintained Java-8-baseline release; validate on JDK 8 and JDK 21.,Upgrade/Replace,Replace exploded lib with build-managed dependency; choose a release that supports Java 8 and test on JDK 21.,Medium,0.5,Yes,Unknown,Review,Yes,No,Dual-Review
241,Set 3 - Third Party,THRID-PARTY,hibernate2.jar,Third-party library present in application lib folder (exploded project).,\bhibernate2(?:-[\w\.-]+)?\.jar\b,Medium,Third-Party Dependencies,Dual-runtime: manage this dependency in Maven/Gradle and upgrade to a maintained Java-8-baseline release; validate on JDK 8 and JDK 21.,Upgrade/Replace,Replace exploded lib with build-managed dependency; choose a release that supports Java 8 and test on JDK 21.,Medium,0.5,Yes,Unknown,Review,Yes,No,Dual-Review
242,Set 3 - Third Party,THRID-PARTY,httpclient.jar,Third-party library present in application lib folder (exploded project).,\bhttpclient(?:-[\w\.-]+)?\.jar\b,Medium,HTTP Client Migration,Dual-runtime: migrate from HttpClient 3.x APIs to HttpClient 4.5.x/5.x (Java 8+); refactor code; test on both runtimes.,Refactor,Replace API usages; verify timeouts/pooling/TLS.,Medium,1.5,Yes,Yes,Requires Migration,No,No,Dual-HttpClient-Refactor
243,Set 3 - Third Party,THRID-PARTY,httpcore.jar,Third-party library present in application lib folder (exploded project).,\bhttpcore(?:-[\w\.-]+)?\.jar\b,Medium,Third-Party Dependencies,Dual-runtime: manage this dependency in Maven/Gradle and upgrade to a maintained Java-8-baseline release; validate on JDK 8 and JDK 21.,Upgrade/Replace,Replace exploded lib with build-managed dependency; choose a release that supports Java 8 and test on JDK 21.,Medium,0.5,Yes,Unknown,Review,Yes,No,Dual-Review
244,Set 3 - Third Party,THRID-PARTY,ibmjcefips.jar,Third-party library present in application lib folder (exploded project).,\bibmjcefips(?:-[\w\.-]+)?\.jar\b,Medium,Crypto Providers,Dual-runtime: upgrade crypto providers to Java-8-baseline releases and validate provider configuration on JDK 8 and JDK 21.,Upgrade,Upgrade provider jars; validate provider order/FIPS/TLS.,Medium,1.0,Yes,Yes,Safe,Yes,No,Dual-Crypto
245,Set 3 - Third Party,THRID-PARTY,ibmjceprovider.jar,Third-party library present in application lib folder (exploded project).,\bibmjceprovider(?:-[\w\.-]+)?\.jar\b,Medium,Crypto Providers,Dual-runtime: upgrade crypto providers to Java-8-baseline releases and validate provider configuration on JDK 8 and JDK 21.,Upgrade,Upgrade provider jars; validate provider order/FIPS/TLS.,Medium,1.0,Yes,Yes,Safe,Yes,No,Dual-Crypto
246,Set 3 - Third Party,THRID-PARTY,ibmjsseprovider2.jar,Third-party library present in application lib folder (exploded project).,\bibmjsseprovider2(?:-[\w\.-]+)?\.jar\b,Medium,Crypto Providers,Dual-runtime: upgrade crypto providers to Java-8-baseline releases and validate provider configuration on JDK 8 and JDK 21.,Upgrade,Upgrade provider jars; validate provider order/FIPS/TLS.,Medium,1.0,Yes,Yes,Safe,Yes,No,Dual-Crypto
247,Set 3 - Third Party,THRID-PARTY,itext-1.3.jar,Third-party library present in application lib folder (exploded project).,\bitext[-_](?:[\w\.-]+)?\.jar\b,Medium,Third-Party Dependencies,Dual-runtime: manage this dependency in Maven/Gradle and upgrade to a maintained Java-8-baseline release; validate on JDK 8 and JDK 21.,Upgrade/Replace,Replace exploded lib with build-managed dependency; choose a release that supports Java 8 and test on JDK 21.,Medium,0.5,Yes,Unknown,Review,Yes,No,Dual-Review
248,Set 3 - Third Party,THRID-PARTY,jackson-annotations-2.8.8.jar,Third-party library present in application lib folder (exploded project).,\bjackson\-annotations(?:-[\w\.-]+)?\.jar\b,Medium,JSON Binding,Dual-runtime: upgrade Jackson to 2.15+ (Java 8 compatible) and keep modules aligned; validate on JDK 21.,Upgrade,Upgrade jackson-* modules together; run regression tests.,Medium,1.0,Yes,Yes,Safe,Yes,No,Dual-Jackson
249,Set 3 - Third Party,THRID-PARTY,jackson-core-2.8.8.jar,Third-party library present in application lib folder (exploded project).,\bjackson\-core(?:-[\w\.-]+)?\.jar\b,Medium,JSON Binding,Dual-runtime: upgrade Jackson to 2.15+ (Java 8 compatible) and keep modules aligned; validate on JDK 21.,Upgrade,Upgrade jackson-* modules together; run regression tests.,Medium,1.0,Yes,Yes,Safe,Yes,No,Dual-Jackson
250,Set 3 - Third Party,THRID-PARTY,jackson-databind-2.8.8.1.jar,Third-party library present in application lib folder (exploded project).,\bjackson\-databind(?:-[\w\.-]+)?\.jar\b,Medium,JSON Binding,Dual-runtime: upgrade Jackson to 2.15+ (Java 8 compatible) and keep modules aligned; validate on JDK 21.,Upgrade,Upgrade jackson-* modules together; run regression tests.,Medium,1.0,Yes,Yes,Safe,Yes,No,Dual-Jackson
251,Set 3 - Third Party,THRID-PARTY,jackson-databind-2.8.8.jar,Third-party library present in application lib folder (exploded project).,\bjackson\-databind(?:-[\w\.-]+)?\.jar\b,Medium,JSON Binding,Dual-runtime: upgrade Jackson to 2.15+ (Java 8 compatible) and keep modules aligned; validate on JDK 21.,Upgrade,Upgrade jackson-* modules together; run regression tests.,Medium,1.0,Yes,Yes,Safe,Yes,No,Dual-Jackson
252,Set 3 - Third Party,THRID-PARTY,jakarta-oro.jar,Third-party library present in application lib folder (exploded project).,\bjakarta\-oro(?:-[\w\.-]+)?\.jar\b,Medium,Third-Party Dependencies,Dual-runtime: manage this dependency in Maven/Gradle and upgrade to a maintained Java-8-baseline release; validate on JDK 8 and JDK 21.,Upgrade/Replace,Replace exploded lib with build-managed dependency; choose a release that supports Java 8 and test on JDK 21.,Medium,0.5,Yes,Unknown,Review,Yes,No,Dual-Review
253,Set 3 - Third Party,THRID-PARTY,javacsv.jar,Third-party library present in application lib folder (exploded project).,\bjavacsv(?:-[\w\.-]+)?\.jar\b,Medium,Third-Party Dependencies,Dual-runtime: manage this dependency in Maven/Gradle and upgrade to a maintained Java-8-baseline release; validate on JDK 8 and JDK 21.,Upgrade/Replace,Replace exploded lib with build-managed dependency; choose a release that supports Java 8 and test on JDK 21.,Medium,0.5,Yes,Unknown,Review,Yes,No,Dual-Review
254,Set 3 - Third Party,THRID-PARTY,javase-3.4.1.jar,Third-party library present in application lib folder (exploded project).,\bjavase[-_](?:[\w\.-]+)?\.jar\b,Medium,Third-Party Dependencies,Dual-runtime: manage this dependency in Maven/Gradle and upgrade to a maintained Java-8-baseline release; validate on JDK 8 and JDK 21.,Upgrade/Replace,Replace exploded lib with build-managed dependency; choose a release that supports Java 8 and test on JDK 21.,Medium,0.5,Yes,Unknown,Review,Yes,No,Dual-Review
255,Set 3 - Third Party,THRID-PARTY,jaxen-core.jar,Third-party library present in application lib folder (exploded project).,\bjaxen\-core(?:-[\w\.-]+)?\.jar\b,Medium,Third-Party Dependencies,Dual-runtime: manage this dependency in Maven/Gradle and upgrade to a maintained Java-8-baseline release; validate on JDK 8 and JDK 21.,Upgrade/Replace,Replace exploded lib with build-managed dependency; choose a release that supports Java 8 and test on JDK 21.,Medium,0.5,Yes,Unknown,Review,Yes,No,Dual-Review
256,Set 3 - Third Party,THRID-PARTY,jaxen-jdom.jar,Third-party library present in application lib folder (exploded project).,\bjaxen\-jdom(?:-[\w\.-]+)?\.jar\b,Medium,Third-Party Dependencies,Dual-runtime: manage this dependency in Maven/Gradle and upgrade to a maintained Java-8-baseline release; validate on JDK 8 and JDK 21.,Upgrade/Replace,Replace exploded lib with build-managed dependency; choose a release that supports Java 8 and test on JDK 21.,Medium,0.5,Yes,Unknown,Review,Yes,No,Dual-Review
257,Set 3 - Third Party,THRID-PARTY,jcommon-0.9.5.jar,Third-party library present in application lib folder (exploded project).,\bjcommon[-_](?:[\w\.-]+)?\.jar\b,Medium,Third-Party Dependencies,Dual-runtime: manage this dependency in Maven/Gradle and upgrade to a maintained Java-8-baseline release; validate on JDK 8 and JDK 21.,Upgrade/Replace,Replace exploded lib with build-managed dependency; choose a release that supports Java 8 and test on JDK 21.,Medium,0.5,Yes,Unknown,Review,Yes,No,Dual-Review
258,Set 3 - Third Party,THRID-PARTY,jcprov.jar,Third-party library present in application lib folder (exploded project).,\bjcprov(?:-[\w\.-]+)?\.jar\b,Medium,Crypto Providers,Dual-runtime: upgrade crypto providers to Java-8-baseline releases and validate provider configuration on JDK 8 and JDK 21.,Upgrade,Upgrade provider jars; validate provider order/FIPS/TLS.,Medium,1.0,Yes,Yes,Safe,Yes,No,Dual-Crypto
259,Set 3 - Third Party,THRID-PARTY,jcraft.jar,Third-party library present in application lib folder (exploded project).,\bjcraft(?:-[\w\.-]+)?\.jar\b,Medium,Third-Party Dependencies,Dual-runtime: manage this dependency in Maven/Gradle and upgrade to a maintained Java-8-baseline release; validate on JDK 8 and JDK 21.,Upgrade/Replace,Replace exploded lib with build-managed dependency; choose a release that supports Java 8 and test on JDK 21.,Medium,0.5,Yes,Unknown,Review,Yes,No,Dual-Review
260,Set 3 - Third Party,THRID-PARTY,jdom.jar,Third-party library present in application lib folder (exploded project).,"(?:\bjdom(?:-[\w\.-]+)?\.jar\b)|(?i)(?:<\s*groupId\s*>\s*org\.jdom\s*<\s*/\s*groupId\s*>[\s\S]{0,300}?<\s*artifactId\s*>\s*jdom\s*<\s*/\s*artifactId\s*>|<\s*artifactId\s*>\s*jdom\s*<\s*/\s*artifactId\s*>|\borg\.jdom\s*:\s*jdom\b|\bjdom\b)",Medium,Third-Party Dependencies,Dual-runtime: manage this dependency in Maven/Gradle and upgrade to a maintained Java-8-baseline release; validate on JDK 8 and JDK 21.,Upgrade/Replace,Replace exploded lib with build-managed dependency; choose a release that supports Java 8 and test on JDK 21.,Medium,0.5,Yes,Unknown,Review,Yes,No,Dual-Review;POM
261,Set 3 - Third Party,THRID-PARTY,jfreechart-0.9.20.jar,Third-party library present in application lib folder (exploded project).,\bjfreechart[-_](?:[\w\.-]+)?\.jar\b,Medium,Third-Party Dependencies,Dual-runtime: manage this dependency in Maven/Gradle and upgrade to a maintained Java-8-baseline release; validate on JDK 8 and JDK 21.,Upgrade/Replace,Replace exploded lib with build-managed dependency; choose a release that supports Java 8 and test on JDK 21.,Medium,0.5,Yes,Unknown,Review,Yes,No,Dual-Review
262,Set 3 - Third Party,THRID-PARTY,jftp.jar,Third-party library present in application lib folder (exploded project).,\bjftp(?:-[\w\.-]+)?\.jar\b,Medium,Third-Party Dependencies,Dual-runtime: manage this dependency in Maven/Gradle and upgrade to a maintained Java-8-baseline release; validate on JDK 8 and JDK 21.,Upgrade/Replace,Replace exploded lib with build-managed dependency; choose a release that supports Java 8 and test on JDK 21.,Medium,0.5,Yes,Unknown,Review,Yes,No,Dual-Review
263,Set 3 - Third Party,THRID-PARTY,json.jar,Third-party library present in application lib folder (exploded project).,\bjson(?:-[\w\.-]+)?\.jar\b,Medium,Third-Party Dependencies,Dual-runtime: manage this dependency in Maven/Gradle and upgrade to a maintained Java-8-baseline release; validate on JDK 8 and JDK 21.,Upgrade/Replace,Replace exploded lib with build-managed dependency; choose a release that supports Java 8 and test on JDK 21.,Medium,0.5,Yes,Unknown,Review,Yes,No,Dual-Review
264,Set 3 - Third Party,THRID-PARTY,jt400.jar,Third-party library present in application lib folder (exploded project).,\bjt400(?:-[\w\.-]+)?\.jar\b,Medium,Third-Party Dependencies,Dual-runtime: manage this dependency in Maven/Gradle and upgrade to a maintained Java-8-baseline release; validate on JDK 8 and JDK 21.,Upgrade/Replace,Replace exploded lib with build-managed dependency; choose a release that supports Java 8 and test on JDK 21.,Medium,0.5,Yes,Unknown,Review,Yes,No,Dual-Review
265,Set 3 - Third Party,THRID-PARTY,junit.jar,Third-party library present in application lib folder (exploded project).,\bjunit(?:-[\w\.-]+)?\.jar\b,Medium,Third-Party Dependencies,Dual-runtime: manage this dependency in Maven/Gradle and upgrade to a maintained Java-8-baseline release; validate on JDK 8 and JDK 21.,Upgrade/Replace,Replace exploded lib with build-managed dependency; choose a release that supports Java 8 and test on JDK 21.,Medium,0.5,Yes,Unknown,Review,Yes,No,Dual-Review
266,Set 3 - Third Party,THRID-PARTY,jxl.jar,Third-party library present in application lib folder (exploded project).,\bjxl(?:-[\w\.-]+)?\.jar\b,Medium,Third-Party Dependencies,Dual-runtime: manage this dependency in Maven/Gradle and upgrade to a maintained Java-8-baseline release; validate on JDK 8 and JDK 21.,Upgrade/Replace,Replace exploded lib with build-managed dependency; choose a release that supports Java 8 and test on JDK 21.,Medium,0.5,Yes,Unknown,Review,Yes,No,Dual-Review
267,Set 3 - Third Party,THRID-PARTY,log4j-1.2.5.jar,Third-party library present in application lib folder (exploded project).,\blog4j(?:-[\w\.-]+)?\.jar\b,High,Security/EOL,Dual-runtime: remove Log4j 1.x and use Log4j 2.17.x (Java 8+) or SLF4J+Logback; ensure only one backend on classpath.,Migrate,"Replace log4j-1.x jar, update config, retest logging.",High,1.5,Yes,Yes,Safe,Yes,No,Dual-Log4jMigration
268,Set 3 - Third Party,THRID-PARTY,log4j-api-2.17.1.jar,Third-party library present in application lib folder (exploded project).,\blog4j(?:-[\w\.-]+)?\.jar\b,Low,Logging Backend,Keep Log4j2; ensure api/core versions aligned and no Log4j 1.x remains.,No-Change/Align,Validate consistent Log4j2 version and configuration.,Low,0.25,Yes,Yes,Safe,Yes,No,Dual-Log4j2
269,Set 3 - Third Party,THRID-PARTY,log4j-core-2.17.1.jar,Third-party library present in application lib folder (exploded project).,\blog4j(?:-[\w\.-]+)?\.jar\b,Low,Logging Backend,Keep Log4j2; ensure api/core versions aligned and no Log4j 1.x remains.,No-Change/Align,Validate consistent Log4j2 version and configuration.,Low,0.25,Yes,Yes,Safe,Yes,No,Dual-Log4j2
270,Set 3 - Third Party,THRID-PARTY,not-yet-commons-ssl-0.3.10.jar,Third-party library present in application lib folder (exploded project).,\bnot\-yet\-commons\-ssl[-_](?:[\w\.-]+)?\.jar\b,Medium,Pre-Release/Alpha,Dual-runtime: replace alpha/beta/snapshot libraries with stable maintained releases that support Java 8; validate on JDK 21.,Replace,Upgrade to stable release; verify runtime and security.,Medium,1.0,Yes,Yes,Safe,Yes,No,Dual-Replace-PreRelease
271,Set 3 - Third Party,THRID-PARTY,oc4j.jar,Third-party library present in application lib folder (exploded project).,\boc4j(?:-[\w\.-]+)?\.jar\b,High,App Server EOL,"OC4J is obsolete; move runtime to a supported javax.* container (e.g., Tomcat 9) to keep dual-runtime compatibility.",Replace,Remove OC4J-specific libs and migrate deployment; validate on JDK 8 and JDK 21.,High,3.0,Yes,No,Requires Migration,No,No,Dual-AppServerMigration
272,Set 3 - Third Party,THRID-PARTY,oc4jclient.jar,Third-party library present in application lib folder (exploded project).,\boc4jclient(?:-[\w\.-]+)?\.jar\b,High,App Server EOL,"OC4J is obsolete; move runtime to a supported javax.* container (e.g., Tomcat 9) to keep dual-runtime compatibility.",Replace,Remove OC4J-specific libs and migrate deployment; validate on JDK 8 and JDK 21.,High,3.0,Yes,No,Requires Migration,No,No,Dual-AppServerMigration
273,Set 3 - Third Party,THRID-PARTY,odmg-3.0.jar,Third-party library present in application lib folder (exploded project).,\bodmg[-_](?:[\w\.-]+)?\.jar\b,Medium,Third-Party Dependencies,Dual-runtime: manage this dependency in Maven/Gradle and upgrade to a maintained Java-8-baseline release; validate on JDK 8 and JDK 21.,Upgrade/Replace,Replace exploded lib with build-managed dependency; choose a release that supports Java 8 and test on JDK 21.,Medium,0.5,Yes,Unknown,Review,Yes,No,Dual-Review
274,Set 3 - Third Party,THRID-PARTY,ojdbc14.jar,Third-party library present in application lib folder (exploded project).,\bojdbc(?:[\.-]?\d[\w\.-]*)?\.jar\b|\bclasses12\.jar\b,High,Driver Upgrade,Dual-runtime: replace old Oracle JDBC jars with ojdbc8 (Java 8 baseline) and validate on JDK 21; avoid ojdbc11 if JDK 8 runtime must remain supported.,Upgrade,Replace driver jar; validate TLS/timezone/NLS on both runtimes.,Medium,1.0,Yes,Yes,Safe,Yes,No,Dual-JDBC-Upgrade
275,Set 3 - Third Party,THRID-PARTY,ojdbc6.jar,Third-party library present in application lib folder (exploded project).,\bojdbc(?:[\.-]?\d[\w\.-]*)?\.jar\b|\bclasses12\.jar\b,Medium,Driver Upgrade,Dual-runtime: replace old Oracle JDBC jars with ojdbc8 (Java 8 baseline) and validate on JDK 21; avoid ojdbc11 if JDK 8 runtime must remain supported.,Upgrade,Replace driver jar; validate TLS/timezone/NLS on both runtimes.,Medium,0.75,Yes,Yes,Safe,Yes,No,Dual-JDBC-Upgrade
276,Set 3 - Third Party,THRID-PARTY,oreilly_upload.jar,Third-party library present in application lib folder (exploded project).,\boreilly_upload(?:-[\w\.-]+)?\.jar\b,Medium,Third-Party Dependencies,Dual-runtime: manage this dependency in Maven/Gradle and upgrade to a maintained Java-8-baseline release; validate on JDK 8 and JDK 21.,Upgrade/Replace,Replace exploded lib with build-managed dependency; choose a release that supports Java 8 and test on JDK 21.,Medium,0.5,Yes,Unknown,Review,Yes,No,Dual-Review
277,Set 3 - Third Party,THRID-PARTY,poi-3.8-20120326.jar,Third-party library present in application lib folder (exploded project).,\bpoi(?:-[\w\.-]+)?\.jar\b,Medium,Third-Party Dependencies,Dual-runtime: manage this dependency in Maven/Gradle and upgrade to a maintained Java-8-baseline release; validate on JDK 8 and JDK 21.,Upgrade/Replace,Replace exploded lib with build-managed dependency; choose a release that supports Java 8 and test on JDK 21.,Medium,0.5,Yes,Unknown,Review,Yes,No,Dual-Review
278,Set 3 - Third Party,THRID-PARTY,poi-ooxml-3.8-20120326.jar,Third-party library present in application lib folder (exploded project).,\bpoi-ooxml(?:-[\w\.-]+)?\.jar\b,Medium,Third-Party Dependencies,Dual-runtime: manage this dependency in Maven/Gradle and upgrade to a maintained Java-8-baseline release; validate on JDK 8 and JDK 21.,Upgrade/Replace,Replace exploded lib with build-managed dependency; choose a release that supports Java 8 and test on JDK 21.,Medium,0.5,Yes,Unknown,Review,Yes,No,Dual-Review
279,Set 3 - Third Party,THRID-PARTY,poi-ooxml-schemas-3.8-20120326.jar,Third-party library present in application lib folder (exploded project).,\bpoi-ooxml-schemas(?:-[\w\.-]+)?\.jar\b,Medium,Third-Party Dependencies,Dual-runtime: manage this dependency in Maven/Gradle and upgrade to a maintained Java-8-baseline release; validate on JDK 8 and JDK 21.,Upgrade/Replace,Replace exploded lib with build-managed dependency; choose a release that supports Java 8 and test on JDK 21.,Medium,0.5,Yes,Unknown,Review,Yes,No,Dual-Review
280,Set 3 - Third Party,THRID-PARTY,providerutil.jar,Third-party library present in application lib folder (exploded project).,\bproviderutil(?:-[\w\.-]+)?\.jar\b,Medium,Crypto Providers,Dual-runtime: upgrade crypto providers to Java-8-baseline releases and validate provider configuration on JDK 8 and JDK 21.,Upgrade,Upgrade provider jars; validate provider order/FIPS/TLS.,Medium,1.0,Yes,Yes,Safe,Yes,No,Dual-Crypto
281,Set 3 - Third Party,THRID-PARTY,quartz.jar,Third-party library present in application lib folder (exploded project).,\bquartz(?:-[\w\.-]+)?\.jar\b,Medium,Third-Party Dependencies,Dual-runtime: manage this dependency in Maven/Gradle and upgrade to a maintained Java-8-baseline release; validate on JDK 8 and JDK 21.,Upgrade/Replace,Replace exploded lib with build-managed dependency; choose a release that supports Java 8 and test on JDK 21.,Medium,0.5,Yes,Unknown,Review,Yes,No,Dual-Review
282,Set 3 - Third Party,THRID-PARTY,saxpath.jar,Third-party library present in application lib folder (exploded project).,\bsaxpath(?:-[\w\.-]+)?\.jar\b,Medium,Third-Party Dependencies,Dual-runtime: manage this dependency in Maven/Gradle and upgrade to a maintained Java-8-baseline release; validate on JDK 8 and JDK 21.,Upgrade/Replace,Replace exploded lib with build-managed dependency; choose a release that supports Java 8 and test on JDK 21.,Medium,0.5,Yes,Unknown,Review,Yes,No,Dual-Review
283,Set 3 - Third Party,THRID-PARTY,serializer.jar,Third-party library present in application lib folder (exploded project).,\bserializer(?:-[\w\.-]+)?\.jar\b,Medium,XML Parser/XSLT,Dual-runtime: remove/upgrade bundled legacy XML parser/XSLT jars; prefer JDK JAXP; validate on JDK 8 and JDK 21.,Replace/Remove,Remove redundant jars unless required; upgrade if needed; re-test.,Medium,1.0,Yes,Yes,Safe,Yes,No,Dual-XML-Align
284,Set 3 - Third Party,THRID-PARTY,slf4j-api-1.7.30.jar,Third-party library present in application lib folder (exploded project).,\bslf4j-[a-z]+(?:-[\w\.-]+)?\.jar\b,Low,Logging Facade,Keep SLF4J API; ensure only one binding is present.,No-Change/Align,Remove duplicate bindings; validate logging output.,Low,0.25,Yes,Yes,Safe,Yes,No,Dual-SLF4J
285,Set 3 - Third Party,THRID-PARTY,slf4j-simple-1.7.21.jar,Third-party library present in application lib folder (exploded project).,\bslf4j-[a-z]+(?:-[\w\.-]+)?\.jar\b,Low,Logging Facade,Keep SLF4J API; ensure only one binding is present.,No-Change/Align,Remove duplicate bindings; validate logging output.,Low,0.25,Yes,Yes,Safe,Yes,No,Dual-SLF4J
286,Set 3 - Third Party,THRID-PARTY,spring-aop.jar,Third-party library present in application lib folder (exploded project).,\bspring-(?:aop|beans|context|core|expression|web|webmvc)(?:-[\w\.-]+)?\.jar\b,Medium,Framework Old Version,Dual-runtime: move to Spring Framework 5.3.x line (Java 8 baseline) via Maven/Gradle BOM; avoid Spring 6/Jakarta-only.,Upgrade,Adopt dependency management; upgrade Spring to 5.3.x; re-test on both runtimes.,Medium,2.0,Yes,Yes,Safe,Yes,No,Dual-Spring53
287,Set 3 - Third Party,THRID-PARTY,spring-beans.jar,Third-party library present in application lib folder (exploded project).,\bspring-(?:aop|beans|context|core|expression|web|webmvc)(?:-[\w\.-]+)?\.jar\b,Medium,Framework Old Version,Dual-runtime: move to Spring Framework 5.3.x line (Java 8 baseline) via Maven/Gradle BOM; avoid Spring 6/Jakarta-only.,Upgrade,Adopt dependency management; upgrade Spring to 5.3.x; re-test on both runtimes.,Medium,2.0,Yes,Yes,Safe,Yes,No,Dual-Spring53
288,Set 3 - Third Party,THRID-PARTY,spring-context.jar,Third-party library present in application lib folder (exploded project).,\bspring-(?:aop|beans|context|core|expression|web|webmvc)(?:-[\w\.-]+)?\.jar\b,Medium,Framework Old Version,Dual-runtime: move to Spring Framework 5.3.x line (Java 8 baseline) via Maven/Gradle BOM; avoid Spring 6/Jakarta-only.,Upgrade,Adopt dependency management; upgrade Spring to 5.3.x; re-test on both runtimes.,Medium,2.0,Yes,Yes,Safe,Yes,No,Dual-Spring53
289,Set 3 - Third Party,THRID-PARTY,spring-core.jar,Third-party library present in application lib folder (exploded project).,\bspring-(?:aop|beans|context|core|expression|web|webmvc)(?:-[\w\.-]+)?\.jar\b,Medium,Framework Old Version,Dual-runtime: move to Spring Framework 5.3.x line (Java 8 baseline) via Maven/Gradle BOM; avoid Spring 6/Jakarta-only.,Upgrade,Adopt dependency management; upgrade Spring to 5.3.x; re-test on both runtimes.,Medium,2.0,Yes,Yes,Safe,Yes,No,Dual-Spring53
290,Set 3 - Third Party,THRID-PARTY,spring-expression.jar,Third-party library present in application lib folder (exploded project).,\bspring-(?:aop|beans|context|core|expression|web|webmvc)(?:-[\w\.-]+)?\.jar\b,Medium,Framework Old Version,Dual-runtime: move to Spring Framework 5.3.x line (Java 8 baseline) via Maven/Gradle BOM; avoid Spring 6/Jakarta-only.,Upgrade,Adopt dependency management; upgrade Spring to 5.3.x; re-test on both runtimes.,Medium,2.0,Yes,Yes,Safe,Yes,No,Dual-Spring53
291,Set 3 - Third Party,THRID-PARTY,spring-web.jar,Third-party library present in application lib folder (exploded project).,\bspring-(?:aop|beans|context|core|expression|web|webmvc)(?:-[\w\.-]+)?\.jar\b,Medium,Framework Old Version,Dual-runtime: move to Spring Framework 5.3.x line (Java 8 baseline) via Maven/Gradle BOM; avoid Spring 6/Jakarta-only.,Upgrade,Adopt dependency management; upgrade Spring to 5.3.x; re-test on both runtimes.,Medium,2.0,Yes,Yes,Safe,Yes,No,Dual-Spring53
292,Set 3 - Third Party,THRID-PARTY,spring-webmvc.jar,Third-party library present in application lib folder (exploded project).,\bspring-(?:aop|beans|context|core|expression|web|webmvc)(?:-[\w\.-]+)?\.jar\b,Medium,Framework Old Version,Dual-runtime: move to Spring Framework 5.3.x line (Java 8 baseline) via Maven/Gradle BOM; avoid Spring 6/Jakarta-only.,Upgrade,Adopt dependency management; upgrade Spring to 5.3.x; re-test on both runtimes.,Medium,2.0,Yes,Yes,Safe,Yes,No,Dual-Spring53
293,Set 3 - Third Party,THRID-PARTY,sshj-0.35.0.jar,Third-party library present in application lib folder (exploded project).,\bsshj[-_](?:[\w\.-]+)?\.jar\b,Medium,Third-Party Dependencies,Dual-runtime: manage this dependency in Maven/Gradle and upgrade to a maintained Java-8-baseline release; validate on JDK 8 and JDK 21.,Upgrade/Replace,Replace exploded lib with build-managed dependency; choose a release that supports Java 8 and test on JDK 21.,Medium,0.5,Yes,Unknown,Review,Yes,No,Dual-Review
294,Set 3 - Third Party,THRID-PARTY,SSOapiBean_client.jar,Third-party library present in application lib folder (exploded project).,\bSSOapiBean_client(?:-[\w\.-]+)?\.jar\b,Medium,Third-Party Dependencies,Dual-runtime: manage this dependency in Maven/Gradle and upgrade to a maintained Java-8-baseline release; validate on JDK 8 and JDK 21.,Upgrade/Replace,Replace exploded lib with build-managed dependency; choose a release that supports Java 8 and test on JDK 21.,Medium,0.5,Yes,Unknown,Review,Yes,No,Dual-Review
295,Set 3 - Third Party,THRID-PARTY,standard-1.0.6-taglibs-standard-1.0.7.jar,Third-party library present in application lib folder (exploded project).,\bstandard[-_](?:[\w\.-]+)?\.jar\b,Medium,Third-Party Dependencies,Dual-runtime: manage this dependency in Maven/Gradle and upgrade to a maintained Java-8-baseline release; validate on JDK 8 and JDK 21.,Upgrade/Replace,Replace exploded lib with build-managed dependency; choose a release that supports Java 8 and test on JDK 21.,Medium,0.5,Yes,Unknown,Review,Yes,No,Dual-Review
296,Set 3 - Third Party,THRID-PARTY,struts-el.jar,Third-party library present in application lib folder (exploded project).,\bstruts\-el(?:-[\w\.-]+)?\.jar\b,High,Framework EOL,"Struts 1.x is obsolete; dual-runtime goal requires migrating away from Struts 1 (e.g., Spring MVC on javax.* container) or another maintained framework.",Rewrite,Framework migration required; large code/config changes; regression testing on both runtimes.,High,5.0,Yes,No,Requires Migration,No,No,Dual-FrameworkMigration
297,Set 3 - Third Party,THRID-PARTY,struts-legacy.jar,Third-party library present in application lib folder (exploded project).,\bstruts\-legacy(?:-[\w\.-]+)?\.jar\b,High,Framework EOL,"Struts 1.x is obsolete; dual-runtime goal requires migrating away from Struts 1 (e.g., Spring MVC on javax.* container) or another maintained framework.",Rewrite,Framework migration required; large code/config changes; regression testing on both runtimes.,High,5.0,Yes,No,Requires Migration,No,No,Dual-FrameworkMigration
298,Set 3 - Third Party,THRID-PARTY,struts.jar,Third-party library present in application lib folder (exploded project).,\bstruts(?:-[\w\.-]+)?\.jar\b,High,Framework EOL,"Struts 1.x is obsolete; dual-runtime goal requires migrating away from Struts 1 (e.g., Spring MVC on javax.* container) or another maintained framework.",Rewrite,Framework migration required; large code/config changes; regression testing on both runtimes.,High,5.0,Yes,No,Requires Migration,No,No,Dual-FrameworkMigration
299,Set 3 - Third Party,THRID-PARTY,xalan-2.7.3.jar,Third-party library present in application lib folder (exploded project).,\bxalan(?:-j_[\d_]+|-[\w\.-]+)?\.jar\b,Medium,XML Parser/XSLT,Dual-runtime: remove/upgrade bundled legacy XML parser/XSLT jars; prefer JDK JAXP; validate on JDK 8 and JDK 21.,Replace/Remove,Remove redundant jars unless required; upgrade if needed; re-test.,Medium,1.0,Yes,Yes,Safe,Yes,No,Dual-XML-Align
300,Set 3 - Third Party,THRID-PARTY,xalan-j_2_6_0.jar,Third-party library present in application lib folder (exploded project).,\bxalan(?:-j_[\d_]+|-[\w\.-]+)?\.jar\b,Medium,XML Parser/XSLT,Dual-runtime: remove/upgrade bundled legacy XML parser/XSLT jars; prefer JDK JAXP; validate on JDK 8 and JDK 21.,Replace/Remove,Remove redundant jars unless required; upgrade if needed; re-test.,Medium,1.0,Yes,Yes,Safe,Yes,No,Dual-XML-Align
301,Set 3 - Third Party,THRID-PARTY,xalan.jar,Third-party library present in application lib folder (exploded project).,\bxalan(?:-j_[\d_]+|-[\w\.-]+)?\.jar\b,Medium,XML Parser/XSLT,Dual-runtime: remove/upgrade bundled legacy XML parser/XSLT jars; prefer JDK JAXP; validate on JDK 8 and JDK 21.,Replace/Remove,Remove redundant jars unless required; upgrade if needed; re-test.,Medium,1.0,Yes,Yes,Safe,Yes,No,Dual-XML-Align
302,Set 3 - Third Party,THRID-PARTY,xerces.jar,Third-party library present in application lib folder (exploded project).,\bxerces(?:-[\w\.-]+)?\.jar\b,Medium,XML Parser/XSLT,Dual-runtime: remove/upgrade bundled legacy XML parser/XSLT jars; prefer JDK JAXP; validate on JDK 8 and JDK 21.,Replace/Remove,Remove redundant jars unless required; upgrade if needed; re-test.,Medium,1.0,Yes,Yes,Safe,Yes,No,Dual-XML-Align
303,Set 3 - Third Party,THRID-PARTY,xi_databinding.jar,Third-party library present in application lib folder (exploded project).,\bxi_databinding(?:-[\w\.-]+)?\.jar\b,Medium,Third-Party Dependencies,Dual-runtime: manage this dependency in Maven/Gradle and upgrade to a maintained Java-8-baseline release; validate on JDK 8 and JDK 21.,Upgrade/Replace,Replace exploded lib with build-managed dependency; choose a release that supports Java 8 and test on JDK 21.,Medium,0.5,Yes,Unknown,Review,Yes,No,Dual-Review
304,Set 3 - Third Party,THRID-PARTY,xml-apis.jar,Third-party library present in application lib folder (exploded project).,\bxml\-apis(?:-[\w\.-]+)?\.jar\b,Medium,XML Parser/XSLT,Dual-runtime: remove/upgrade bundled legacy XML parser/XSLT jars; prefer JDK JAXP; validate on JDK 8 and JDK 21.,Replace/Remove,Remove redundant jars unless required; upgrade if needed; re-test.,Medium,1.0,Yes,Yes,Safe,Yes,No,Dual-XML-Align
305,Set 3 - Third Party,THRID-PARTY,xmlbeans-2.3.0.jar,Third-party library present in application lib folder (exploded project).,\bxmlbeans[-_](?:[\w\.-]+)?\.jar\b,Medium,Third-Party Dependencies,Dual-runtime: manage this dependency in Maven/Gradle and upgrade to a maintained Java-8-baseline release; validate on JDK 8 and JDK 21.,Upgrade/Replace,Replace exploded lib with build-managed dependency; choose a release that supports Java 8 and test on JDK 21.,Medium,0.5,Yes,Unknown,Review,Yes,No,Dual-Review
306,Set 3 - Third Party,THRID-PARTY,xstream-1.1.jar,Third-party library present in application lib folder (exploded project).,\bxstream(?:-[\w\.-]+)?\.jar\b,Medium,Third-Party Dependencies,Dual-runtime: manage this dependency in Maven/Gradle and upgrade to a maintained Java-8-baseline release; validate on JDK 8 and JDK 21.,Upgrade/Replace,Replace exploded lib with build-managed dependency; choose a release that supports Java 8 and test on JDK 21.,Medium,0.5,Yes,Unknown,Review,Yes,No,Dual-Review
307,Set 3 - Third Party,THRID-PARTY,xstream-SNAPSHOT.jar,Third-party library present in application lib folder (exploded project).,\bxstream(?:-[\w\.-]+)?\.jar\b,Medium,Pre-Release/Alpha,Dual-runtime: replace alpha/beta/snapshot libraries with stable maintained releases that support Java 8; validate on JDK 21.,Replace,Upgrade to stable release; verify runtime and security.,Medium,1.0,Yes,Yes,Safe,Yes,No,Dual-Replace-PreRelease
308,Set 3 - Third Party,THRID-PARTY,yc-httpclient-3.3.jar,Third-party library present in application lib folder (exploded project).,\byc\-httpclient[-_](?:[\w\.-]+)?\.jar\b,Medium,HTTP Client Migration,Dual-runtime: migrate from HttpClient 3.x APIs to HttpClient 4.5.x/5.x (Java 8+); refactor code; test on both runtimes.,Refactor,Replace API usages; verify timeouts/pooling/TLS.,Medium,1.5,Yes,Yes,Requires Migration,No,No,Dual-HttpClient-Refactor
309,Set 3 - Third Party (Maven),THRID-PARTY,maven:com.ebao.gel:gel-pa-implementation,Maven dependency detected in pom.xml/gradle files.,"(?i)(?:<\s*groupId\s*>\s*com\.ebao\.gel\s*<\s*/\s*groupId\s*>[\s\S]{0,300}?<\s*artifactId\s*>\s*gel\-pa\-implementation\s*<\s*/\s*artifactId\s*>|<\s*artifactId\s*>\s*gel\-pa\-implementation\s*<\s*/\s*artifactId\s*>|\bcom\.ebao\.gel\s*:\s*gel\-pa\-implementation\b|\bgel\-pa\-implementation\b)",Medium,Internal Dependency,Dual-runtime: ensure this dependency remains Java 8 compatible and validate on JDK 21; manage via Maven/Gradle dependency management.,Align/Upgrade,Keep Java 8 baseline; choose versions that still run on JDK 21; regression test.,Medium,1.0,Yes,Unknown,Review,Yes,No,POM-Internal
310,Set 3 - Third Party (Maven),THRID-PARTY,maven:com.ebao.gel:gel-pa-profiles,Maven dependency detected in pom.xml/gradle files.,"(?i)(?:<\s*groupId\s*>\s*com\.ebao\.gel\s*<\s*/\s*groupId\s*>[\s\S]{0,300}?<\s*artifactId\s*>\s*gel\-pa\-profiles\s*<\s*/\s*artifactId\s*>|<\s*artifactId\s*>\s*gel\-pa\-profiles\s*<\s*/\s*artifactId\s*>|\bcom\.ebao\.gel\s*:\s*gel\-pa\-profiles\b|\bgel\-pa\-profiles\b)",Medium,Internal Dependency,Dual-runtime: ensure this dependency remains Java 8 compatible and validate on JDK 21; manage via Maven/Gradle dependency management.,Align/Upgrade,Keep Java 8 baseline; choose versions that still run on JDK 21; regression test.,Medium,1.0,Yes,Unknown,Review,Yes,No,POM-Internal
311,Set 3 - Third Party (Maven),THRID-PARTY,maven:com.ebao.gel:letters-configure,Maven dependency detected in pom.xml/gradle files.,"(?i)(?:<\s*groupId\s*>\s*com\.ebao\.gel\s*<\s*/\s*groupId\s*>[\s\S]{0,300}?<\s*artifactId\s*>\s*letters\-configure\s*<\s*/\s*artifactId\s*>|<\s*artifactId\s*>\s*letters\-configure\s*<\s*/\s*artifactId\s*>|\bcom\.ebao\.gel\s*:\s*letters\-configure\b|\bletters\-configure\b)",Medium,Internal Dependency,Dual-runtime: ensure this dependency remains Java 8 compatible and validate on JDK 21; manage via Maven/Gradle dependency management.,Align/Upgrade,Keep Java 8 baseline; choose versions that still run on JDK 21; regression test.,Medium,1.0,Yes,Unknown,Review,Yes,No,POM-Internal
312,Set 3 - Third Party (Maven),THRID-PARTY,maven:org.springframework.boot:spring-boot-starter-web,Maven dependency detected in pom.xml/gradle files.,"(?i)(?:<\s*groupId\s*>\s*org\.springframework\.boot\s*<\s*/\s*groupId\s*>[\s\S]{0,300}?<\s*artifactId\s*>\s*spring\-boot\-starter\-web\s*<\s*/\s*artifactId\s*>|<\s*artifactId\s*>\s*spring\-boot\-starter\-web\s*<\s*/\s*artifactId\s*>|\borg\.springframework\.boot\s*:\s*spring\-boot\-starter\-web\b|\bspring\-boot\-starter\-web\b)",Low,Spring Boot,Dual-runtime: ensure this dependency remains Java 8 compatible and validate on JDK 21; manage via Maven/Gradle dependency management.,Align/Upgrade,Keep Java 8 baseline; choose versions that still run on JDK 21; regression test.,Low,0.5,Yes,Unknown,Review,Yes,No,POM-SpringBoot2
313,Set 3 - Third Party (Maven),THRID-PARTY,maven:org.springframework.boot:spring-boot-starter-log4j2,Maven dependency detected in pom.xml/gradle files.,"(?i)(?:<\s*groupId\s*>\s*org\.springframework\.boot\s*<\s*/\s*groupId\s*>[\s\S]{0,300}?<\s*artifactId\s*>\s*spring\-boot\-starter\-log4j2\s*<\s*/\s*artifactId\s*>|<\s*artifactId\s*>\s*spring\-boot\-starter\-log4j2\s*<\s*/\s*artifactId\s*>|\borg\.springframework\.boot\s*:\s*spring\-boot\-starter\-log4j2\b|\bspring\-boot\-starter\-log4j2\b)",Low,Spring Boot,Dual-runtime: ensure this dependency remains Java 8 compatible and validate on JDK 21; manage via Maven/Gradle dependency management.,Align/Upgrade,Keep Java 8 baseline; choose versions that still run on JDK 21; regression test.,Low,0.5,Yes,Unknown,Review,Yes,No,POM-SpringBoot2
314,Set 3 - Third Party (Maven),THRID-PARTY,maven:org.apache.tomcat.embed:tomcat-embed-jasper,Maven dependency detected in pom.xml/gradle files.,"(?i)(?:<\s*groupId\s*>\s*org\.apache\.tomcat\.embed\s*<\s*/\s*groupId\s*>[\s\S]{0,300}?<\s*artifactId\s*>\s*tomcat\-embed\-jasper\s*<\s*/\s*artifactId\s*>|<\s*artifactId\s*>\s*tomcat\-embed\-jasper\s*<\s*/\s*artifactId\s*>|\borg\.apache\.tomcat\.embed\s*:\s*tomcat\-embed\-jasper\b|\btomcat\-embed\-jasper\b)",Low,Servlet Container,Dual-runtime: ensure this dependency remains Java 8 compatible and validate on JDK 21; manage via Maven/Gradle dependency management.,Align/Upgrade,Keep Java 8 baseline; choose versions that still run on JDK 21; regression test.,Low,0.5,Yes,Unknown,Review,Yes,No,POM-TomcatEmbed
315,Set 3 - Third Party (Maven),THRID-PARTY,maven:org.springframework.boot:spring-boot-starter-test,Maven dependency detected in pom.xml/gradle files.,"(?i)(?:<\s*groupId\s*>\s*org\.springframework\.boot\s*<\s*/\s*groupId\s*>[\s\S]{0,300}?<\s*artifactId\s*>\s*spring\-boot\-starter\-test\s*<\s*/\s*artifactId\s*>|<\s*artifactId\s*>\s*spring\-boot\-starter\-test\s*<\s*/\s*artifactId\s*>|\borg\.springframework\.boot\s*:\s*spring\-boot\-starter\-test\b|\bspring\-boot\-starter\-test\b)",Low,Spring Boot,Dual-runtime: ensure this dependency remains Java 8 compatible and validate on JDK 21; manage via Maven/Gradle dependency management.,Align/Upgrade,Keep Java 8 baseline; choose versions that still run on JDK 21; regression test.,Low,0.5,Yes,Unknown,Review,Yes,No,POM-SpringBoot2
316,Set 3 - Third Party (Maven),THRID-PARTY,maven:org.springframework.boot:spring-boot-starter-data-jpa,Maven dependency detected in pom.xml/gradle files.,"(?i)(?:<\s*groupId\s*>\s*org\.springframework\.boot\s*<\s*/\s*groupId\s*>[\s\S]{0,300}?<\s*artifactId\s*>\s*spring\-boot\-starter\-data\-jpa\s*<\s*/\s*artifactId\s*>|<\s*artifactId\s*>\s*spring\-boot\-starter\-data\-jpa\s*<\s*/\s*artifactId\s*>|\borg\.springframework\.boot\s*:\s*spring\-boot\-starter\-data\-jpa\b|\bspring\-boot\-starter\-data\-jpa\b)",Low,Spring Boot,Dual-runtime: ensure this dependency remains Java 8 compatible and validate on JDK 21; manage via Maven/Gradle dependency management.,Align/Upgrade,Keep Java 8 baseline; choose versions that still run on JDK 21; regression test.,Low,0.5,Yes,Unknown,Review,Yes,No,POM-SpringBoot2
317,Set 3 - Third Party (Maven),THRID-PARTY,maven:org.springframework.boot:spring-boot-starter-validation,Maven dependency detected in pom.xml/gradle files.,"(?i)(?:<\s*groupId\s*>\s*org\.springframework\.boot\s*<\s*/\s*groupId\s*>[\s\S]{0,300}?<\s*artifactId\s*>\s*spring\-boot\-starter\-validation\s*<\s*/\s*artifactId\s*>|<\s*artifactId\s*>\s*spring\-boot\-starter\-validation\s*<\s*/\s*artifactId\s*>|\borg\.springframework\.boot\s*:\s*spring\-boot\-starter\-validation\b|\bspring\-boot\-starter\-validation\b)",Low,Spring Boot,Dual-runtime: ensure this dependency remains Java 8 compatible and validate on JDK 21; manage via Maven/Gradle dependency management.,Align/Upgrade,Keep Java 8 baseline; choose versions that still run on JDK 21; regression test.,Low,0.5,Yes,Unknown,Review,Yes,No,POM-SpringBoot2
318,Set 3 - Third Party (Maven),THRID-PARTY,maven:org.springframework.boot:spring-boot-starter-aop,Maven dependency detected in pom.xml/gradle files.,"(?i)(?:<\s*groupId\s*>\s*org\.springframework\.boot\s*<\s*/\s*groupId\s*>[\s\S]{0,300}?<\s*artifactId\s*>\s*spring\-boot\-starter\-aop\s*<\s*/\s*artifactId\s*>|<\s*artifactId\s*>\s*spring\-boot\-starter\-aop\s*<\s*/\s*artifactId\s*>|\borg\.springframework\.boot\s*:\s*spring\-boot\-starter\-aop\b|\bspring\-boot\-starter\-aop\b)",Low,Spring Boot,Dual-runtime: ensure this dependency remains Java 8 compatible and validate on JDK 21; manage via Maven/Gradle dependency management.,Align/Upgrade,Keep Java 8 baseline; choose versions that still run on JDK 21; regression test.,Low,0.5,Yes,Unknown,Review,Yes,No,POM-SpringBoot2
319,Set 3 - Third Party (Maven),THRID-PARTY,maven:org.springframework.boot:spring-boot-starter-cache,Maven dependency detected in pom.xml/gradle files.,"(?i)(?:<\s*groupId\s*>\s*org\.springframework\.boot\s*<\s*/\s*groupId\s*>[\s\S]{0,300}?<\s*artifactId\s*>\s*spring\-boot\-starter\-cache\s*<\s*/\s*artifactId\s*>|<\s*artifactId\s*>\s*spring\-boot\-starter\-cache\s*<\s*/\s*artifactId\s*>|\borg\.springframework\.boot\s*:\s*spring\-boot\-starter\-cache\b|\bspring\-boot\-starter\-cache\b)",Low,Spring Boot,Dual-runtime: ensure this dependency remains Java 8 compatible and validate on JDK 21; manage via Maven/Gradle dependency management.,Align/Upgrade,Keep Java 8 baseline; choose versions that still run on JDK 21; regression test.,Low,0.5,Yes,Unknown,Review,Yes,No,POM-SpringBoot2
320,Set 3 - Third Party (Maven),THRID-PARTY,maven:org.springdoc:springdoc-openapi-ui,Maven dependency detected in pom.xml/gradle files.,"(?i)(?:<\s*groupId\s*>\s*org\.springdoc\s*<\s*/\s*groupId\s*>[\s\S]{0,300}?<\s*artifactId\s*>\s*springdoc\-openapi\-ui\s*<\s*/\s*artifactId\s*>|<\s*artifactId\s*>\s*springdoc\-openapi\-ui\s*<\s*/\s*artifactId\s*>|\borg\.springdoc\s*:\s*springdoc\-openapi\-ui\b|\bspringdoc\-openapi\-ui\b)",Low,API Docs,Dual-runtime: ensure this dependency remains Java 8 compatible and validate on JDK 21; manage via Maven/Gradle dependency management.,Align/Upgrade,Keep Java 8 baseline; choose versions that still run on JDK 21; regression test.,Low,0.5,Yes,Yes,Safe,Yes,No,POM-SpringDoc
321,Set 3 - Third Party (Maven),THRID-PARTY,maven:com.oracle.database.jdbc:ojdbc8,Maven dependency detected in pom.xml/gradle files.,"(?i)(?:<\s*groupId\s*>\s*com\.oracle\.database\.jdbc\s*<\s*/\s*groupId\s*>[\s\S]{0,300}?<\s*artifactId\s*>\s*ojdbc8\s*<\s*/\s*artifactId\s*>|<\s*artifactId\s*>\s*ojdbc8\s*<\s*/\s*artifactId\s*>|\bcom\.oracle\.database\.jdbc\s*:\s*ojdbc8\b|\bojdbc8\b)",Medium,Driver,ojdbc8 (Java 8 baseline) is used; validate it with your DB + TLS on JDK 21.,No-Change/Validate,"Run connectivity, TLS, timezone and pool tests on JDK 8 and JDK 21.",Low,0.25,Yes,Yes,Safe,Yes,No,POM-OJDBC8
322,Set 3 - Third Party (Maven),THRID-PARTY,maven:commons-lang:commons-lang,Maven dependency detected in pom.xml/gradle files.,"(?i)(?:<\s*groupId\s*>\s*commons\-lang\s*<\s*/\s*groupId\s*>[\s\S]{0,300}?<\s*artifactId\s*>\s*commons\-lang\s*<\s*/\s*artifactId\s*>|<\s*artifactId\s*>\s*commons\-lang\s*<\s*/\s*artifactId\s*>|\bcommons\-lang\s*:\s*commons\-lang\b|\bcommons\-lang\b)",Low,Utilities,Dual-runtime: ensure this dependency remains Java 8 compatible and validate on JDK 21; manage via Maven/Gradle dependency management.,Align/Upgrade,Keep Java 8 baseline; choose versions that still run on JDK 21; regression test.,Low,0.5,Yes,Yes,Safe,Yes,No,POM-Utilities
323,Set 3 - Third Party (Maven),THRID-PARTY,maven:commons-dbutils:commons-dbutils,Maven dependency detected in pom.xml/gradle files.,"(?i)(?:<\s*groupId\s*>\s*commons\-dbutils\s*<\s*/\s*groupId\s*>[\s\S]{0,300}?<\s*artifactId\s*>\s*commons\-dbutils\s*<\s*/\s*artifactId\s*>|<\s*artifactId\s*>\s*commons\-dbutils\s*<\s*/\s*artifactId\s*>|\bcommons\-dbutils\s*:\s*commons\-dbutils\b|\bcommons\-dbutils\b)",Low,Utilities,Dual-runtime: ensure this dependency remains Java 8 compatible and validate on JDK 21; manage via Maven/Gradle dependency management.,Align/Upgrade,Keep Java 8 baseline; choose versions that still run on JDK 21; regression test.,Low,0.5,Yes,Yes,Safe,Yes,No,POM-Utilities
324,Set 3 - Third Party (Maven),THRID-PARTY,maven:cglib:cglib-full,Maven dependency detected in pom.xml/gradle files.,"(?i)(?:<\s*groupId\s*>\s*cglib\s*<\s*/\s*groupId\s*>[\s\S]{0,300}?<\s*artifactId\s*>\s*cglib\-full\s*<\s*/\s*artifactId\s*>|<\s*artifactId\s*>\s*cglib\-full\s*<\s*/\s*artifactId\s*>|\bcglib\s*:\s*cglib\-full\b|\bcglib\-full\b)",Low,Maven Dependency,Dual-runtime: ensure this dependency remains Java 8 compatible and validate on JDK 21; manage via Maven/Gradle dependency management.,Align/Upgrade,Keep Java 8 baseline; choose versions that still run on JDK 21; regression test.,Low,0.25,Yes,Unknown,Review,Yes,No,POM-Review
325,Set 3 - Third Party (Maven),THRID-PARTY,maven:org.springframework:spring-context-support,Maven dependency detected in pom.xml/gradle files.,"(?i)(?:<\s*groupId\s*>\s*org\.springframework\s*<\s*/\s*groupId\s*>[\s\S]{0,300}?<\s*artifactId\s*>\s*spring\-context\-support\s*<\s*/\s*artifactId\s*>|<\s*artifactId\s*>\s*spring\-context\-support\s*<\s*/\s*artifactId\s*>|\borg\.springframework\s*:\s*spring\-context\-support\b|\bspring\-context\-support\b)",Low,Spring Framework,Spring Framework 5.3.x is Java 8 baseline; validate runtime on JDK 21.,No-Change/Validate,Ensure all Spring 5.3.x modules are aligned; run regression on both runtimes.,Low,0.5,Yes,Yes,Safe,Yes,No,POM-Spring53
326,Set 3 - Third Party (Maven),THRID-PARTY,maven:org.projectlombok:lombok,Maven dependency detected in pom.xml/gradle files.,"(?i)(?:<\s*groupId\s*>\s*org\.projectlombok\s*<\s*/\s*groupId\s*>[\s\S]{0,300}?<\s*artifactId\s*>\s*lombok\s*<\s*/\s*artifactId\s*>|<\s*artifactId\s*>\s*lombok\s*<\s*/\s*artifactId\s*>|\borg\.projectlombok\s*:\s*lombok\b|\blombok\b)",Low,Build/Annotation,Dual-runtime: ensure this dependency remains Java 8 compatible and validate on JDK 21; manage via Maven/Gradle dependency management.,No-Change/Validate,Keep Java 8 baseline; choose versions that still run on JDK 21; regression test.,Low,0.1,Yes,Yes,Safe,Yes,No,POM-Lombok
327,Set 3 - Third Party (Maven),THRID-PARTY,maven:org.apache.avalon.framework:avalon-framework-api,Maven dependency detected in pom.xml/gradle files.,"(?i)(?:<\s*groupId\s*>\s*org\.apache\.avalon\.framework\s*<\s*/\s*groupId\s*>[\s\S]{0,300}?<\s*artifactId\s*>\s*avalon\-framework\-api\s*<\s*/\s*artifactId\s*>|<\s*artifactId\s*>\s*avalon\-framework\-api\s*<\s*/\s*artifactId\s*>|\borg\.apache\.avalon\.framework\s*:\s*avalon\-framework\-api\b|\bavalon\-framework\-api\b)",Low,XML/PDF Rendering,Dual-runtime: ensure this dependency remains Java 8 compatible and validate on JDK 21; manage via Maven/Gradle dependency management.,Align/Upgrade,Keep Java 8 baseline; choose versions that still run on JDK 21; regression test.,Medium,1.0,Yes,Unknown,Review,Yes,No,POM-XMLGraphics
328,Set 3 - Third Party (Maven),THRID-PARTY,maven:com.github.ben-manes.caffeine:caffeine,Maven dependency detected in pom.xml/gradle files.,"(?i)(?:<\s*groupId\s*>\s*com\.github\.ben\-manes\.caffeine\s*<\s*/\s*groupId\s*>[\s\S]{0,300}?<\s*artifactId\s*>\s*caffeine\s*<\s*/\s*artifactId\s*>|<\s*artifactId\s*>\s*caffeine\s*<\s*/\s*artifactId\s*>|\bcom\.github\.ben\-manes\.caffeine\s*:\s*caffeine\b|\bcaffeine\b)",Low,Cache,Dual-runtime: ensure this dependency remains Java 8 compatible and validate on JDK 21; manage via Maven/Gradle dependency management.,Align/Upgrade,Keep Java 8 baseline; choose versions that still run on JDK 21; regression test.,Low,0.25,Yes,Yes,Safe,Yes,No,POM-Caffeine
329,Set 3 - Third Party (Maven),THRID-PARTY,maven:org.springframework.boot:spring-boot-starter-actuator,Maven dependency detected in pom.xml/gradle files.,"(?i)(?:<\s*groupId\s*>\s*org\.springframework\.boot\s*<\s*/\s*groupId\s*>[\s\S]{0,300}?<\s*artifactId\s*>\s*spring\-boot\-starter\-actuator\s*<\s*/\s*artifactId\s*>|<\s*artifactId\s*>\s*spring\-boot\-starter\-actuator\s*<\s*/\s*artifactId\s*>|\borg\.springframework\.boot\s*:\s*spring\-boot\-starter\-actuator\b|\bspring\-boot\-starter\-actuator\b)",Low,Spring Boot,Dual-runtime: ensure this dependency remains Java 8 compatible and validate on JDK 21; manage via Maven/Gradle dependency management.,Align/Upgrade,Keep Java 8 baseline; choose versions that still run on JDK 21; regression test.,Low,0.5,Yes,Unknown,Review,Yes,No,POM-SpringBoot2
330,Set 3 - Third Party (Maven),THRID-PARTY,maven:io.micrometer:micrometer-registry-prometheus,Maven dependency detected in pom.xml/gradle files.,"(?i)(?:<\s*groupId\s*>\s*io\.micrometer\s*<\s*/\s*groupId\s*>[\s\S]{0,300}?<\s*artifactId\s*>\s*micrometer\-registry\-prometheus\s*<\s*/\s*artifactId\s*>|<\s*artifactId\s*>\s*micrometer\-registry\-prometheus\s*<\s*/\s*artifactId\s*>|\bio\.micrometer\s*:\s*micrometer\-registry\-prometheus\b|\bmicrometer\-registry\-prometheus\b)",Low,Observability,Dual-runtime: ensure this dependency remains Java 8 compatible and validate on JDK 21; manage via Maven/Gradle dependency management.,Align/Upgrade,Keep Java 8 baseline; choose versions that still run on JDK 21; regression test.,Low,0.25,Yes,Yes,Safe,Yes,No,POM-Micrometer