PATTERNID,PATTERNSET,PATTERNNATURE,PATTERNNAME,PATTERNDESCRIPTION,REGEXPATTERN,PRIORITY,CATEGORY,FIX,REMEDIATION,REMEDIATIONDESCRIPTION,REMEDIATIONEFFORT,MANDAYS,SNO_PHASE_BATCH,TOTAL,APPLICATIONNAME,TRACK,PHASE,BATCH,APPLICABLE THIRD PARTY NEW JAR,JDK-COMPATIBILITYSTATUS-CONCLUDED,JDK8-COMPATIBLE,JDK21-COMPATIBLE,JDKCOMPATIBILITYRULEHINT,WLS12CCOMPATIBLE,WLS14CCOMPATIBLE,OPENREWRITE_RECEIPE,TESTCASE_UNIT_NO,TOTAL2
202,Set 3 - Third Party,THIRD-PARTY (CONCURRENCY jar),backport-util-concurrent.jar,Third-party library present in application lib folder (exploded project).,"(?ms)(?:^\s*import\s+(?:static\s+)?(?:edu\.emory\.mathcs\.backport\.java)(?:\.[\w$]+|\.\*)\s*;)|(?:<%@\s*page\b[^%]*\bimport\s*=\s*\""[^\""]*\b(?:edu\.emory\.mathcs\.backport\.java)\.)|(?:\b(?:edu\.emory\.mathcs\.backport\.java)\.[A-Za-z_$][\w$]*\b)",Medium,Third-Party Dependencies,Dual-runtime: manage this dependency in Maven/Gradle and upgrade to a maintained Java-8-baseline release; validate on JDK 8 and JDK 21.,Upgrade/Replace,Replace exploded lib with build-managed dependency; choose a release that supports Java 8 and test on JDK 21.,Medium,0.5,81,2,1-fpms,a. UAT TRACK (BAU),PHASE 1,BATCH 9,(blank),SAFE works BOTH JDK (able to Compile - to verify New/Existing JAR & New/Existing API ?),to verify runtime - New/Existing JAR & New/Existing API ?,to verify runtime - New/Existing JAR & New/Existing API ?,Dual-Review,(blank),(blank),P024,UT024,2
204,Set 3 - Third Party,THIRD-PARTY (SECURITY jar),bcpkix-jdk18on-1.76.jar,Third-party library present in application lib folder (exploded project).,"(?ms)(?:^\s*import\s+(?:static\s+)?(?:org\.bouncycastle|org\.bouncycastle\.cms|org\.bouncycastle\.cert|org\.bouncycastle\.operator|org\.bouncycastle\.cms\.jcajce|org\.bouncycastle\.operator\.bc|org\.bouncycastle\.its|org\.bouncycastle\.tsp|org\.bouncycastle\.openssl|org\.bouncycastle\.est)(?:\.[\w$]+|\.\*)\s*;)|(?:<%@\s*page\b[^%]*\bimport\s*=\s*\""[^\""]*\b(?:org\.bouncycastle|org\.bouncycastle\.cms|org\.bouncycastle\.cert|org\.bouncycastle\.operator|org\.bouncycastle\.cms\.jcajce|org\.bouncycastle\.operator\.bc|org\.bouncycastle\.its|org\.bouncycastle\.tsp|org\.bouncycastle\.openssl|org\.bouncycastle\.est)\.)|(?:\b(?:org\.bouncycastle|org\.bouncycastle\.cms|org\.bouncycastle\.cert|org\.bouncycastle\.operator|org\.bouncycastle\.cms\.jcajce|org\.bouncycastle\.operator\.bc|org\.bouncycastle\.its|org\.bouncycastle\.tsp|org\.bouncycastle\.openssl|org\.bouncycastle\.est)\.[A-Za-z_$][\w$]*\b)",Medium,Crypto Providers,Dual-runtime: upgrade crypto providers to Java-8-baseline releases and validate provider configuration on JDK 8 and JDK 21.,Upgrade,Upgrade provider jars; validate provider order/FIPS/TLS.,Medium,1,42,1,1-fpms,a. UAT TRACK (BAU),PHASE 1,BATCH 9,(blank),SAFE works BOTH JDK (able to Compile - to verify New/Existing JAR & New/Existing API ?),to verify runtime - New/Existing JAR & New/Existing API ?,to verify runtime - New/Existing JAR & New/Existing API ?,Dual-Crypto,(blank),(blank),P025,UT025,1
205,Set 3 - Third Party,THIRD-PARTY (SECURITY jar),bcprov-jdk14-143.jar,Third-party library present in application lib folder (exploded project).,"(?ms)(?:^\s*import\s+(?:static\s+)?(?:org\.bouncycastle|org\.bouncycastle\.jce|org\.bouncycastle\.asn1|org\.bouncycastle\.jce\.provider|org\.bouncycastle\.crypto|org\.bouncycastle\.asn1\.x509|org\.bouncycastle\.jce\.provider\.symmetric|org\.bouncycastle\.crypto\.params|org\.bouncycastle\.crypto\.engines|org\.bouncycastle\.jce\.provider\.asymmetric)(?:\.[\w$]+|\.\*)\s*;)|(?:<%@\s*page\b[^%]*\bimport\s*=\s*\""[^\""]*\b(?:org\.bouncycastle|org\.bouncycastle\.jce|org\.bouncycastle\.asn1|org\.bouncycastle\.jce\.provider|org\.bouncycastle\.crypto|org\.bouncycastle\.asn1\.x509|org\.bouncycastle\.jce\.provider\.symmetric|org\.bouncycastle\.crypto\.params|org\.bouncycastle\.crypto\.engines|org\.bouncycastle\.jce\.provider\.asymmetric)\.)|(?:\b(?:org\.bouncycastle|org\.bouncycastle\.jce|org\.bouncycastle\.asn1|org\.bouncycastle\.jce\.provider|org\.bouncycastle\.crypto|org\.bouncycastle\.asn1\.x509|org\.bouncycastle\.jce\.provider\.symmetric|org\.bouncycastle\.crypto\.params|org\.bouncycastle\.crypto\.engines|org\.bouncycastle\.jce\.provider\.asymmetric)\.[A-Za-z_$][\w$]*\b)",Medium,Crypto Providers,Dual-runtime: upgrade crypto providers to Java-8-baseline releases and validate provider configuration on JDK 8 and JDK 21.,Upgrade,Upgrade provider jars; validate provider order/FIPS/TLS.,Medium,1,43,1,1-fpms,a. UAT TRACK (BAU),PHASE 1,BATCH 9,(blank),SAFE works BOTH JDK (able to Compile - to verify New/Existing JAR & New/Existing API ?),to verify runtime - New/Existing JAR & New/Existing API ?,to verify runtime - New/Existing JAR & New/Existing API ?,Dual-Crypto,(blank),(blank),P026,UT026,1
208,Set 3 - Third Party,THIRD-PARTY (CGLIB jar),cglib-full-2.0.2.jar,Third-party library present in application lib folder (exploded project).,"(?ms)(?:^\s*import\s+(?:static\s+)?(?:net\.sf\.cglib|net\.sf\.cglib\.core|net\.sf\.cglib\.transform|net\.sf\.cglib\.proxy|net\.sf\.cglib\.transform\.impl|net\.sf\.cglib\.reflect|net\.sf\.cglib\.beans|net\.sf\.cglib\.util|org\.objectweb\.asm|net\.sf\.cglib\.transform\.hook)(?:\.[\w$]+|\.\*)\s*;)|(?:<%@\s*page\b[^%]*\bimport\s*=\s*\""[^\""]*\b(?:net\.sf\.cglib|net\.sf\.cglib\.core|net\.sf\.cglib\.transform|net\.sf\.cglib\.proxy|net\.sf\.cglib\.transform\.impl|net\.sf\.cglib\.reflect|net\.sf\.cglib\.beans|net\.sf\.cglib\.util|org\.objectweb\.asm|net\.sf\.cglib\.transform\.hook)\.)|(?:\b(?:net\.sf\.cglib|net\.sf\.cglib\.core|net\.sf\.cglib\.transform|net\.sf\.cglib\.proxy|net\.sf\.cglib\.transform\.impl|net\.sf\.cglib\.reflect|net\.sf\.cglib\.beans|net\.sf\.cglib\.util|org\.objectweb\.asm|net\.sf\.cglib\.transform\.hook)\.[A-Za-z_$][\w$]*\b)",Medium,Third-Party Dependencies,Dual-runtime: manage this dependency in Maven/Gradle and upgrade to a maintained Java-8-baseline release; validate on JDK 8 and JDK 21.,Upgrade/Replace,Replace exploded lib with build-managed dependency; choose a release that supports Java 8 and test on JDK 21.,Medium,0.5,74,7,1-fpms,a. UAT TRACK (BAU),PHASE 1,BATCH 9,(blank),SAFE works BOTH JDK (able to Compile - to verify New/Existing JAR & New/Existing API ?),to verify runtime - New/Existing JAR & New/Existing API ?,to verify runtime - New/Existing JAR & New/Existing API ?,Dual-Review,(blank),(blank),P028,UT028,7
209,Set 3 - Third Party,THIRD-PARTY (DB jar),classes12.jar,Third-party library present in application lib folder (exploded project).,"(?ms)(?:^\s*import\s+(?:static\s+)?(?:oracle\.jdbc|oracle\.jdbc\.driver|oracle\.net|oracle\.sql|oracle\.net\.nl|oracle\.jdbc\.oracore|oracle\.net\.nl\.mesg|oracle\.jdbc\.pool|oracle\.jdbc\.rowset|oracle\.net\.ns)(?:\.[\w$]+|\.\*)\s*;)|(?:<%@\s*page\b[^%]*\bimport\s*=\s*\""[^\""]*\b(?:oracle\.jdbc|oracle\.jdbc\.driver|oracle\.net|oracle\.sql|oracle\.net\.nl|oracle\.jdbc\.oracore|oracle\.net\.nl\.mesg|oracle\.jdbc\.pool|oracle\.jdbc\.rowset|oracle\.net\.ns)\.)|(?:\b(?:oracle\.jdbc|oracle\.jdbc\.driver|oracle\.net|oracle\.sql|oracle\.net\.nl|oracle\.jdbc\.oracore|oracle\.net\.nl\.mesg|oracle\.jdbc\.pool|oracle\.jdbc\.rowset|oracle\.net\.ns)\.[A-Za-z_$][\w$]*\b)",High,Driver Upgrade,Dual-runtime: replace old Oracle JDBC jars with ojdbc8 (Java 8 baseline) and validate on JDK 21; avoid ojdbc11 if JDK 8 runtime must remain supported.,Upgrade,Replace driver jar; validate TLS/timezone/NLS on both runtimes.,Medium,1,48,33,1-fpms,a. UAT TRACK (BAU),PHASE 1,BATCH 9,(blank),SAFE works BOTH JDK (able to Compile - to verify New/Existing JAR & New/Existing API ?),to verify runtime - New/Existing JAR & New/Existing API ?,to verify runtime - New/Existing JAR & New/Existing API ?,Dual-JDBC-Upgrade,(blank),(blank),P029,UT029,33
210,Set 3 - Third Party,THIRD-PARTY (IBM jar),com.ibm.mq.jar,Third-party library present in application lib folder (exploded project).,"(?ms)(?:^\s*import\s+(?:static\s+)?(?:com\.ibm|com\.ibm\.mq|com\.ibm\.mq\.server|com\.ibm\.mq\.mqjd|com\.ibm\.mqservices|com\.ibm\.mq\.MQConnectionRequestInfo\$DefaultKeyObject|com\.ibm\.mq\.MQBindingsManagedConnectionFactoryJ11|com\.ibm\.mq\.MQSimpleConnectionManager\$PSAdapter|com\.ibm\.mq\.MQClientManagedConnectionFactoryJ11|com\.ibm\.mq\.MQBindingsManagedConnectionFactory)(?:\.[\w$]+|\.\*)\s*;)|(?:<%@\s*page\b[^%]*\bimport\s*=\s*\""[^\""]*\b(?:com\.ibm|com\.ibm\.mq|com\.ibm\.mq\.server|com\.ibm\.mq\.mqjd|com\.ibm\.mqservices|com\.ibm\.mq\.MQConnectionRequestInfo\$DefaultKeyObject|com\.ibm\.mq\.MQBindingsManagedConnectionFactoryJ11|com\.ibm\.mq\.MQSimpleConnectionManager\$PSAdapter|com\.ibm\.mq\.MQClientManagedConnectionFactoryJ11|com\.ibm\.mq\.MQBindingsManagedConnectionFactory)\.)|(?:\b(?:com\.ibm|com\.ibm\.mq|com\.ibm\.mq\.server|com\.ibm\.mq\.mqjd|com\.ibm\.mqservices|com\.ibm\.mq\.MQConnectionRequestInfo\$DefaultKeyObject|com\.ibm\.mq\.MQBindingsManagedConnectionFactoryJ11|com\.ibm\.mq\.MQSimpleConnectionManager\$PSAdapter|com\.ibm\.mq\.MQClientManagedConnectionFactoryJ11|com\.ibm\.mq\.MQBindingsManagedConnectionFactory)\.[A-Za-z_$][\w$]*\b)",Medium,Third-Party Dependencies,Dual-runtime: manage this dependency in Maven/Gradle and upgrade to a maintained Java-8-baseline release; validate on JDK 8 and JDK 21.,Upgrade/Replace,Replace exploded lib with build-managed dependency; choose a release that supports Java 8 and test on JDK 21.,Medium,0.5,76,39,1-fpms,a. UAT TRACK (BAU),PHASE 1,BATCH 9,(blank),SAFE works BOTH JDK (able to Compile - to verify New/Existing JAR & New/Existing API ?),to verify runtime - New/Existing JAR & New/Existing API ?,to verify runtime - New/Existing JAR & New/Existing API ?,Dual-Review,(blank),(blank),P030,UT030,39
211,Set 3 - Third Party,THIRD-PARTY (IBM jar),com.ibm.mqbind.jar,Third-party library present in application lib folder (exploded project).,"(?ms)(?:^\s*import\s+(?:static\s+)?(?:com\.ibm|com\.ibm\.mqbind|com\.ibm\.mqservices|com\.ibm\.mqservices\.MQInternalException|com\.ibm\.mqbind\.MQDistributionListItem|com\.ibm\.mqbind\.MQGetMessageOptions|com\.ibm\.mqbind\.MQPutMessageOptions|com\.ibm\.mqbind\.MQDistributionList|com\.ibm\.mqservices\.CallStackTrace|com\.ibm\.mqbind\.MQMessageTracker)(?:\.[\w$]+|\.\*)\s*;)|(?:<%@\s*page\b[^%]*\bimport\s*=\s*\""[^\""]*\b(?:com\.ibm|com\.ibm\.mqbind|com\.ibm\.mqservices|com\.ibm\.mqservices\.MQInternalException|com\.ibm\.mqbind\.MQDistributionListItem|com\.ibm\.mqbind\.MQGetMessageOptions|com\.ibm\.mqbind\.MQPutMessageOptions|com\.ibm\.mqbind\.MQDistributionList|com\.ibm\.mqservices\.CallStackTrace|com\.ibm\.mqbind\.MQMessageTracker)\.)|(?:\b(?:com\.ibm|com\.ibm\.mqbind|com\.ibm\.mqservices|com\.ibm\.mqservices\.MQInternalException|com\.ibm\.mqbind\.MQDistributionListItem|com\.ibm\.mqbind\.MQGetMessageOptions|com\.ibm\.mqbind\.MQPutMessageOptions|com\.ibm\.mqbind\.MQDistributionList|com\.ibm\.mqservices\.CallStackTrace|com\.ibm\.mqbind\.MQMessageTracker)\.[A-Za-z_$][\w$]*\b)",Medium,Third-Party Dependencies,Dual-runtime: manage this dependency in Maven/Gradle and upgrade to a maintained Java-8-baseline release; validate on JDK 8 and JDK 21.,Upgrade/Replace,Replace exploded lib with build-managed dependency; choose a release that supports Java 8 and test on JDK 21.,Medium,0.5,77,39,1-fpms,a. UAT TRACK (BAU),PHASE 1,BATCH 9,com.ibm.mq.allclient.jar version 9.3.1,SAFE works BOTH JDK (able to Compile - to verify New JAR & API ?),to verify runtime - New JAR & API ?,to verify runtime - New JAR & API ?,Dual-Review,(blank),(blank),P031,UT031,39
212,Set 3 - Third Party,THIRD-PARTY (IBM jar),com.ibm.mqjms.jar,Third-party library present in application lib folder (exploded project).,"(?ms)(?:^\s*import\s+(?:static\s+)?(?:com\.ibm|com\.ibm\.mq\.jms|com\.ibm\.mq\.jms\.admin|com\.ibm\.mq\.jms\.services|com\.ibm\.jms|com\.ibm\.mq\.jms\.MQConnectionConsumer\$MQConnectionConsumerMRH|com\.ibm\.mq\.jms\.ExceptionDispatchThread\$QueueElement|com\.ibm\.mq\.jms\.MQRRSTopicConnectionFactoryFactory|com\.ibm\.mq\.jms\.MulticastHeartbeatTimeoutException|com\.ibm\.mq\.jms\.MQRRSQueueConnectionFactoryFactory)(?:\.[\w$]+|\.\*)\s*;)|(?:<%@\s*page\b[^%]*\bimport\s*=\s*\""[^\""]*\b(?:com\.ibm|com\.ibm\.mq\.jms|com\.ibm\.mq\.jms\.admin|com\.ibm\.mq\.jms\.services|com\.ibm\.jms|com\.ibm\.mq\.jms\.MQConnectionConsumer\$MQConnectionConsumerMRH|com\.ibm\.mq\.jms\.ExceptionDispatchThread\$QueueElement|com\.ibm\.mq\.jms\.MQRRSTopicConnectionFactoryFactory|com\.ibm\.mq\.jms\.MulticastHeartbeatTimeoutException|com\.ibm\.mq\.jms\.MQRRSQueueConnectionFactoryFactory)\.)|(?:\b(?:com\.ibm|com\.ibm\.mq\.jms|com\.ibm\.mq\.jms\.admin|com\.ibm\.mq\.jms\.services|com\.ibm\.jms|com\.ibm\.mq\.jms\.MQConnectionConsumer\$MQConnectionConsumerMRH|com\.ibm\.mq\.jms\.ExceptionDispatchThread\$QueueElement|com\.ibm\.mq\.jms\.MQRRSTopicConnectionFactoryFactory|com\.ibm\.mq\.jms\.MulticastHeartbeatTimeoutException|com\.ibm\.mq\.jms\.MQRRSQueueConnectionFactoryFactory)\.[A-Za-z_$][\w$]*\b)",Medium,Third-Party Dependencies,Dual-runtime: manage this dependency in Maven/Gradle and upgrade to a maintained Java-8-baseline release; validate on JDK 8 and JDK 21.,Upgrade/Replace,Replace exploded lib with build-managed dependency; choose a release that supports Java 8 and test on JDK 21.,Medium,0.5,78,39,1-fpms,a. UAT TRACK (BAU),PHASE 1,BATCH 9,com.ibm.mq.allclient.jar version 9.3.1,SAFE works BOTH JDK (able to Compile - to verify New JAR & API ?),to verify runtime - New JAR & API ?,to verify runtime - New JAR & API ?,Dual-Review,(blank),(blank),P032,UT032,39
213,Set 3 - Third Party,THIRD-PARTY (COMMON jar),commons-beanutils.jar,Third-party library present in application lib folder (exploded project).,"(?ms)(?:^\s*import\s+(?:static\s+)?(?:org\.apache\.commons\.beanutils|org\.apache\.commons\.beanutils\.converters|org\.apache\.commons\.beanutils\.locale|org\.apache\.commons\.beanutils\.expression|org\.apache\.commons\.beanutils\.WeakFastHashMap\$CollectionView\$CollectionViewIterator|org\.apache\.commons\.beanutils\.MappedPropertyDescriptor\$MappedMethodReference|org\.apache\.commons\.beanutils\.SuppressPropertiesBeanIntrospector|org\.apache\.commons\.beanutils\.BaseDynaBeanMapDecorator\$MapEntry|org\.apache\.commons\.beanutils\.BeanPropertyValueEqualsPredicate|org\.apache\.commons\.beanutils\.BeanPropertyValueChangeClosure)(?:\.[\w$]+|\.\*)\s*;)|(?:<%@\s*page\b[^%]*\bimport\s*=\s*\""[^\""]*\b(?:org\.apache\.commons\.beanutils|org\.apache\.commons\.beanutils\.converters|org\.apache\.commons\.beanutils\.locale|org\.apache\.commons\.beanutils\.expression|org\.apache\.commons\.beanutils\.WeakFastHashMap\$CollectionView\$CollectionViewIterator|org\.apache\.commons\.beanutils\.MappedPropertyDescriptor\$MappedMethodReference|org\.apache\.commons\.beanutils\.SuppressPropertiesBeanIntrospector|org\.apache\.commons\.beanutils\.BaseDynaBeanMapDecorator\$MapEntry|org\.apache\.commons\.beanutils\.BeanPropertyValueEqualsPredicate|org\.apache\.commons\.beanutils\.BeanPropertyValueChangeClosure)\.)|(?:\b(?:org\.apache\.commons\.beanutils|org\.apache\.commons\.beanutils\.converters|org\.apache\.commons\.beanutils\.locale|org\.apache\.commons\.beanutils\.expression|org\.apache\.commons\.beanutils\.WeakFastHashMap\$CollectionView\$CollectionViewIterator|org\.apache\.commons\.beanutils\.MappedPropertyDescriptor\$MappedMethodReference|org\.apache\.commons\.beanutils\.SuppressPropertiesBeanIntrospector|org\.apache\.commons\.beanutils\.BaseDynaBeanMapDecorator\$MapEntry|org\.apache\.commons\.beanutils\.BeanPropertyValueEqualsPredicate|org\.apache\.commons\.beanutils\.Bean ...
215,Set 3 - Third Party,THIRD-PARTY (COMMON jar),commons-codec-1.3.jar,Third-party library present in application lib folder (exploded project).,"(?ms)(?:^\s*import\s+(?:static\s+)?(?:org\.apache\.commons\.codec|org\.apache\.commons\.codec\.language|org\.apache\.commons\.codec\.binary|org\.apache\.commons\.codec\.digest|org\.apache\.commons\.codec\.net|org\.apache\.commons\.codec\.StringEncoderComparator|org\.apache\.commons\.codec\.DecoderException|org\.apache\.commons\.codec\.EncoderException|org\.apache\.commons\.codec\.BinaryEncoder|org\.apache\.commons\.codec\.StringEncoder)(?:\.[\w$]+|\.\*)\s*;)|(?:<%@\s*page\b[^%]*\bimport\s*=\s*\""[^\""]*\b(?:org\.apache\.commons\.codec|org\.apache\.commons\.codec\.language|org\.apache\.commons\.codec\.binary|org\.apache\.commons\.codec\.digest|org\.apache\.commons\.codec\.net|org\.apache\.commons\.codec\.StringEncoderComparator|org\.apache\.commons\.codec\.DecoderException|org\.apache\.commons\.codec\.EncoderException|org\.apache\.commons\.codec\.BinaryEncoder|org\.apache\.commons\.codec\.StringEncoder)\.)|(?:\b(?:org\.apache\.commons\.codec|org\.apache\.commons\.codec\.language|org\.apache\.commons\.codec\.binary|org\.apache\.commons\.codec\.digest|org\.apache\.commons\.codec\.net|org\.apache\.commons\.codec\.StringEncoderComparator|org\.apache\.commons\.codec\.DecoderException|org\.apache\.commons\.codec\.EncoderException|org\.apache\.commons\.codec\.BinaryEncoder|org\.apache\.commons\.codec\.StringEncoder)\.[A-Za-z_$][\w$]*\b)",Medium,Third-Party Dependencies,Dual-runtime: manage this dependency in Maven/Gradle and upgrade to a maintained Java-8-baseline release; validate on JDK 8 and JDK 21.,Upgrade/Replace,Replace exploded lib with build-managed dependency; choose a release that supports Java 8 and test on JDK 21.,Medium,0.5,58,9,1-fpms,a. UAT TRACK (BAU),PHASE 1,BATCH 9,(blank),SAFE works BOTH JDK (able to Compile - to verify New/Existing JAR & New/Existing API ?),to verify runtime - New/Existing JAR & New/Existing API ?,to verify runtime - New/Ex ...
216,Set 3 - Third Party,THIRD-PARTY (COMMON jar),commons-collections-3.2.2.jar,Third-party library present in application lib folder (exploded project).,"(?ms)(?:^\s*import\s+(?:static\s+)?(?:org\.apache\.commons\.collections|org\.apache\.commons\.collections\.map|org\.apache\.commons\.collections\.functors|org\.apache\.commons\.collections\.iterators|org\.apache\.commons\.collections\.list|org\.apache\.commons\.collections\.bidimap|org\.apache\.commons\.collections\.set|org\.apache\.commons\.collections\.bag|org\.apache\.commons\.collections\.buffer|org\.apache\.commons\.collections\.collection)(?:\.[\w$]+|\.\*)\s*;)|(?:<%@\s*page\b[^%]*\bimport\s*=\s*\""[^\""]*\b(?:org\.apache\.commons\.collections|org\.apache\.commons\.collections\.map|org\.apache\.commons\.collections\.functors|org\.apache\.commons\.collections\.iterators|org\.apache\.commons\.collections\.list|org\.apache\.commons\.collections\.bidimap|org\.apache\.commons\.collections\.set|org\.apache\.commons\.collections\.bag|org\.apache\.commons\.collections\.buffer|org\.apache\.commons\.collections\.collection)\.)|(?:\b(?:org\.apache\.commons\.collections|org\.apache\.commons\.collections\.map|org\.apache\.commons\.collections\.functors|org\.apache\.commons\.collections\.iterators|org\.apache\.commons\.collections\.list|org\.apache\.commons\.collections\.bidimap|org\.apache\.commons\.collections\.set|org\.apache\.commons\.collections\.bag|org\.apache\.commons\.collections\.buffer|org\.apache\.commons\.collections\.collection)\.[A-Za-z_$][\w$]*\b)",Medium,Third-Party Dependencies,Dual-runtime: manage this dependency in Maven/Gradle and upgrade to a maintained Java-8-baseline release; validate on JDK 8 and JDK 21.,Upgrade/Replace,Replace exploded lib with build-managed dependency; choose a release that supports Java 8 and test on JDK 21.,Medium,0.5,59,23,1-fpms,a. UAT TRACK (BAU),PHASE 1,BATCH 9,(blank),SAFE works BOTH JDK (able to Compile - to verify New/Existing JAR & New/Existing API ?),to verify runtime - New/Existing JAR & New/Exist ...
217,Set 3 - Third Party,THIRD-PARTY (COMMON jar),commons-dbcp-1.2.1.jar,Third-party library present in application lib folder (exploded project).,"(?ms)(?:^\s*import\s+(?:static\s+)?(?:org\.apache\.commons|org\.apache\.commons\.dbcp|org\.apache\.commons\.dbcp\.datasources|org\.apache\.commons\.dbcp\.cpdsadapter|org\.apache\.commons\.jocl|org\.apache\.commons\.dbcp\.PoolingDataSource\$PoolGuardConnectionWrapper|org\.apache\.commons\.dbcp\.PoolingDriver\$PoolGuardConnectionWrapper|org\.apache\.commons\.jocl\.JOCLContentHandler\$ConstructorDetails|org\.apache\.commons\.dbcp\.DriverManagerConnectionFactory|org\.apache\.commons\.dbcp\.DelegatingCallableStatement)(?:\.[\w$]+|\.\*)\s*;)|(?:<%@\s*page\b[^%]*\bimport\s*=\s*\""[^\""]*\b(?:org\.apache\.commons|org\.apache\.commons\.dbcp|org\.apache\.commons\.dbcp\.datasources|org\.apache\.commons\.dbcp\.cpdsadapter|org\.apache\.commons\.jocl|org\.apache\.commons\.dbcp\.PoolingDataSource\$PoolGuardConnectionWrapper|org\.apache\.commons\.dbcp\.PoolingDriver\$PoolGuardConnectionWrapper|org\.apache\.commons\.jocl\.JOCLContentHandler\$ConstructorDetails|org\.apache\.commons\.dbcp\.DriverManagerConnectionFactory|org\.apache\.commons\.dbcp\.DelegatingCallableStatement)\.)|(?:\b(?:org\.apache\.commons|org\.apache\.commons\.dbcp|org\.apache\.commons\.dbcp\.datasources|org\.apache\.commons\.dbcp\.cpdsadapter|org\.apache\.commons\.jocl|org\.apache\.commons\.dbcp\.PoolingDataSource\$PoolGuardConnectionWrapper|org\.apache\.commons\.dbcp\.PoolingDriver\$PoolGuardConnectionWrapper|org\.apache\.commons\.jocl\.JOCLContentHandler\$ConstructorDetails|org\.apache\.commons\.dbcp\.DriverManagerConnectionFactory|org\.apache\.commons\.dbcp\.DelegatingCallableStatement)\.[A-Za-z_$][\w$]*\b)",Medium,Third-Party Dependencies,Dual-runtime: manage this dependency in Maven/Gradle and upgrade to a maintained Java-8-baseline release; validate on JDK 8 and JDK 21.,Upgrade/Replace,Replace exploded lib with build-managed dependency; choose a release that supports Java 8 and test on JDK 21., ...
218,Set 3 - Third Party,THIRD-PARTY (COMMON jar),commons-dbutils-1.0.jar,Third-party library present in application lib folder (exploded project).,"(?ms)(?:^\s*import\s+(?:static\s+)?(?:org\.apache\.commons\.dbutils|org\.apache\.commons\.dbutils\.handlers|org\.apache\.commons\.dbutils\.wrappers|org\.apache\.commons\.dbutils\.BasicRowProcessor\$CaseInsensitiveHashMap|org\.apache\.commons\.dbutils\.BasicRowProcessor\$1|org\.apache\.commons\.dbutils\.ResultSetIterator|org\.apache\.commons\.dbutils\.BasicRowProcessor|org\.apache\.commons\.dbutils\.ResultSetHandler|org\.apache\.commons\.dbutils\.ProxyFactory|org\.apache\.commons\.dbutils\.RowProcessor)(?:\.[\w$]+|\.\*)\s*;)|(?:<%@\s*page\b[^%]*\bimport\s*=\s*\""[^\""]*\b(?:org\.apache\.commons\.dbutils|org\.apache\.commons\.dbutils\.handlers|org\.apache\.commons\.dbutils\.wrappers|org\.apache\.commons\.dbutils\.BasicRowProcessor\$CaseInsensitiveHashMap|org\.apache\.commons\.dbutils\.BasicRowProcessor\$1|org\.apache\.commons\.dbutils\.ResultSetIterator|org\.apache\.commons\.dbutils\.BasicRowProcessor|org\.apache\.commons\.dbutils\.ResultSetHandler|org\.apache\.commons\.dbutils\.ProxyFactory|org\.apache\.commons\.dbutils\.RowProcessor)\.)|(?:\b(?:org\.apache\.commons\.dbutils|org\.apache\.commons\.dbutils\.handlers|org\.apache\.commons\.dbutils\.wrappers|org\.apache\.commons\.dbutils\.BasicRowProcessor\$CaseInsensitiveHashMap|org\.apache\.commons\.dbutils\.BasicRowProcessor\$1|org\.apache\.commons\.dbutils\.ResultSetIterator|org\.apache\.commons\.dbutils\.BasicRowProcessor|org\.apache\.commons\.dbutils\.ResultSetHandler|org\.apache\.commons\.dbutils\.ProxyFactory|org\.apache\.commons\.dbutils\.RowProcessor)\.[A-Za-z_$][\w$]*\b)",Medium,Third-Party Dependencies,Dual-runtime: manage this dependency in Maven/Gradle and upgrade to a maintained Java-8-baseline release; validate on JDK 8 and JDK 21.,Upgrade/Replace,Replace exploded lib with build-managed dependency; choose a release that supports Java 8 and test on JDK 21.,Medium,0.5,61,6,1-fpms,a. UAT TRACK ...
220,Set 3 - Third Party,THIRD-PARTY (COMMON jar),commons-fileupload.jar,Third-party library present in application lib folder (exploded project).,"(?ms)(?:^\s*import\s+(?:static\s+)?(?:org\.apache\.commons\.fileupload|org\.apache\.commons\.fileupload\.util|org\.apache\.commons\.fileupload\.servlet|org\.apache\.commons\.fileupload\.portlet|org\.apache\.commons\.fileupload\.disk|org\.apache\.commons\.fileupload\.FileUploadBase\$FileItemIteratorImpl\$FileItemStreamImpl\$1|org\.apache\.commons\.fileupload\.FileUploadBase\$FileItemIteratorImpl\$FileItemStreamImpl|org\.apache\.commons\.fileupload\.FileUploadBase\$FileSizeLimitExceededException|org\.apache\.commons\.fileupload\.FileUploadBase\$InvalidContentTypeException|org\.apache\.commons\.fileupload\.FileUploadBase\$SizeLimitExceededException)(?:\.[\w$]+|\.\*)\s*;)|(?:<%@\s*page\b[^%]*\bimport\s*=\s*\""[^\""]*\b(?:org\.apache\.commons\.fileupload|org\.apache\.commons\.fileupload\.util|org\.apache\.commons\.fileupload\.servlet|org\.apache\.commons\.fileupload\.portlet|org\.apache\.commons\.fileupload\.disk|org\.apache\.commons\.fileupload\.FileUploadBase\$FileItemIteratorImpl\$FileItemStreamImpl\$1|org\.apache\.commons\.fileupload\.FileUploadBase\$FileItemIteratorImpl\$FileItemStreamImpl|org\.apache\.commons\.fileupload\.FileUploadBase\$FileSizeLimitExceededException|org\.apache\.commons\.fileupload\.FileUploadBase\$InvalidContentTypeException|org\.apache\.commons\.fileupload\.FileUploadBase\$SizeLimitExceededException)\.)|(?:\b(?:org\.apache\.commons\.fileupload|org\.apache\.commons\.fileupload\.util|org\.apache\.commons\.fileupload\.servlet|org\.apache\.commons\.fileupload\.portlet|org\.apache\.commons\.fileupload\.disk|org\.apache\.commons\.fileupload\.FileUploadBase\$FileItemIteratorImpl\$FileItemStreamImpl\$1|org\.apache\.commons\.fileupload\.FileUploadBase\$FileItemIteratorImpl\$FileItemStreamImpl|org\.apache\.commons\.fileupload\.FileUploadBase\$FileSizeLimitExceededException|org\.apache\.commons\.fileupload\.FileUploadBase\$InvalidContentTyp ...
221,Set 3 - Third Party,THIRD-PARTY (COMMON jar),commons-httpclient-3.0-beta1.jar,Third-party library present in application lib folder (exploded project).,"(?ms)(?:^\s*import\s+(?:static\s+)?(?:org\.apache\.commons\.httpclient|org\.apache\.commons\.httpclient\.methods|org\.apache\.commons\.httpclient\.auth|org\.apache\.commons\.httpclient\.util|org\.apache\.commons\.httpclient\.protocol|org\.apache\.commons\.httpclient\.params|org\.apache\.commons\.httpclient\.cookie|org\.apache\.commons\.httpclient\.MultiThreadedHttpConnectionManager\$HttpConnectionWithReference|org\.apache\.commons\.httpclient\.MultiThreadedHttpConnectionManager\$HttpConnectionAdapter|org\.apache\.commons\.httpclient\.MultiThreadedHttpConnectionManager\$ReferenceQueueThread)(?:\.[\w$]+|\.\*)\s*;)|(?:<%@\s*page\b[^%]*\bimport\s*=\s*\""[^\""]*\b(?:org\.apache\.commons\.httpclient|org\.apache\.commons\.httpclient\.methods|org\.apache\.commons\.httpclient\.auth|org\.apache\.commons\.httpclient\.util|org\.apache\.commons\.httpclient\.protocol|org\.apache\.commons\.httpclient\.params|org\.apache\.commons\.httpclient\.cookie|org\.apache\.commons\.httpclient\.MultiThreadedHttpConnectionManager\$HttpConnectionWithReference|org\.apache\.commons\.httpclient\.MultiThreadedHttpConnectionManager\$HttpConnectionAdapter|org\.apache\.commons\.httpclient\.MultiThreadedHttpConnectionManager\$ReferenceQueueThread)\.)|(?:\b(?:org\.apache\.commons\.httpclient|org\.apache\.commons\.httpclient\.methods|org\.apache\.commons\.httpclient\.auth|org\.apache\.commons\.httpclient\.util|org\.apache\.commons\.httpclient\.protocol|org\.apache\.commons\.httpclient\.params|org\.apache\.commons\.httpclient\.cookie|org\.apache\.commons\.httpclient\.MultiThreadedHttpConnectionManager\$HttpConnectionWithReference|org\.apache\.commons\.httpclient\.MultiThreadedHttpConnectionManager\$HttpConnectionAdapter|org\.apache\.commons\.httpclient\.MultiThreadedHttpConnectionManager\$ReferenceQueueThread)\.[A-Za-z_$][\w$]*\b)",Medium,HTTP Client Migration,Dual-runtime: migrate ...
222,Set 3 - Third Party,THIRD-PARTY (COMMON jar),commons-lang-2.0.jar,Third-party library present in application lib folder (exploded project).,"(?ms)(?:^\s*import\s+(?:static\s+)?(?:org\.apache\.commons\.lang|org\.apache\.commons\.lang\.time|org\.apache\.commons\.lang\.builder|org\.apache\.commons\.lang\.math|org\.apache\.commons\.lang\.exception|org\.apache\.commons\.lang\.enum|org\.apache\.commons\.lang\.Entities\$PrimitiveEntityMap|org\.apache\.commons\.lang\.IncompleteArgumentException|org\.apache\.commons\.lang\.Entities\$LookupEntityMap|org\.apache\.commons\.lang\.Entities\$BinaryEntityMap)(?:\.[\w$]+|\.\*)\s*;)|(?:<%@\s*page\b[^%]*\bimport\s*=\s*\""[^\""]*\b(?:org\.apache\.commons\.lang|org\.apache\.commons\.lang\.time|org\.apache\.commons\.lang\.builder|org\.apache\.commons\.lang\.math|org\.apache\.commons\.lang\.exception|org\.apache\.commons\.lang\.enum|org\.apache\.commons\.lang\.Entities\$PrimitiveEntityMap|org\.apache\.commons\.lang\.IncompleteArgumentException|org\.apache\.commons\.lang\.Entities\$LookupEntityMap|org\.apache\.commons\.lang\.Entities\$BinaryEntityMap)\.)|(?:\b(?:org\.apache\.commons\.lang|org\.apache\.commons\.lang\.time|org\.apache\.commons\.lang\.builder|org\.apache\.commons\.lang\.math|org\.apache\.commons\.lang\.exception|org\.apache\.commons\.lang\.enum|org\.apache\.commons\.lang\.Entities\$PrimitiveEntityMap|org\.apache\.commons\.lang\.IncompleteArgumentException|org\.apache\.commons\.lang\.Entities\$LookupEntityMap|org\.apache\.commons\.lang\.Entities\$BinaryEntityMap)\.[A-Za-z_$][\w$]*\b)",Medium,Third-Party Dependencies,Dual-runtime: manage this dependency in Maven/Gradle and upgrade to a maintained Java-8-baseline release; validate on JDK 8 and JDK 21.,Upgrade/Replace,Replace exploded lib with build-managed dependency; choose a release that supports Java 8 and test on JDK 21.,Medium,0.5,63,2361,1-fpms,a. UAT TRACK (BAU),PHASE 1,BATCH 9,(blank),SAFE works BOTH JDK (able to Compile - to verify New/Existing JAR & New/Existing API ?),to verify runtime - New/E ...
223,Set 3 - Third Party,THIRD-PARTY (LOG4J jar),commons-logging.jar,Third-party library present in application lib folder (exploded project).,"(?ms)(?:^\s*import\s+(?:static\s+)?(?:org\.apache\.commons\.logging|org\.apache\.commons\.logging\.impl|org\.apache\.commons\.logging\.LogConfigurationException|org\.apache\.commons\.logging\.package\-info|org\.apache\.commons\.logging\.LogFactory|org\.apache\.commons\.logging\.LogSource|org\.apache\.commons\.logging\.Log)(?:\.[\w$]+|\.\*)\s*;)|(?:<%@\s*page\b[^%]*\bimport\s*=\s*\""[^\""]*\b(?:org\.apache\.commons\.logging|org\.apache\.commons\.logging\.impl|org\.apache\.commons\.logging\.LogConfigurationException|org\.apache\.commons\.logging\.package\-info|org\.apache\.commons\.logging\.LogFactory|org\.apache\.commons\.logging\.LogSource|org\.apache\.commons\.logging\.Log)\.)|(?:\b(?:org\.apache\.commons\.logging|org\.apache\.commons\.logging\.impl|org\.apache\.commons\.logging\.LogConfigurationException|org\.apache\.commons\.logging\.package\-info|org\.apache\.commons\.logging\.LogFactory|org\.apache\.commons\.logging\.LogSource|org\.apache\.commons\.logging\.Log)\.[A-Za-z_$][\w$]*\b)",Medium,Third-Party Dependencies,Dual-runtime: manage this dependency in Maven/Gradle and upgrade to a maintained Java-8-baseline release; validate on JDK 8 and JDK 21.,Upgrade/Replace,Replace exploded lib with build-managed dependency; choose a release that supports Java 8 and test on JDK 21.,Medium,0.5,68,24,1-fpms,a. UAT TRACK (BAU),PHASE 1,BATCH 9,(blank),SAFE works BOTH JDK (able to Compile - to verify New/Existing JAR & New/Existing API ?),to verify runtime - New/Existing JAR & New/Existing API ?,to verify runtime - New/Existing JAR & New/Existing API ?,Dual-Review,(blank),(blank),P042,UT042,24
225,Set 3 - Third Party,THIRD-PARTY (COMMON jar),commons-net-1.1.0.jar,Third-party library present in application lib folder (exploded project).,"(?ms)(?:^\s*import\s+(?:static\s+)?(?:org\.apache\.commons\.net|org\.apache\.commons\.net\.ftp|org\.apache\.commons\.net\.telnet|org\.apache\.commons\.net\.io|org\.apache\.commons\.net\.tftp|org\.apache\.commons\.net\.nntp|org\.apache\.commons\.net\.smtp|org\.apache\.commons\.net\.pop3|org\.apache\.commons\.net\.bsd|org\.apache\.commons\.net\.MalformedServerReplyException)(?:\.[\w$]+|\.\*)\s*;)|(?:<%@\s*page\b[^%]*\bimport\s*=\s*\""[^\""]*\b(?:org\.apache\.commons\.net|org\.apache\.commons\.net\.ftp|org\.apache\.commons\.net\.telnet|org\.apache\.commons\.net\.io|org\.apache\.commons\.net\.tftp|org\.apache\.commons\.net\.nntp|org\.apache\.commons\.net\.smtp|org\.apache\.commons\.net\.pop3|org\.apache\.commons\.net\.bsd|org\.apache\.commons\.net\.MalformedServerReplyException)\.)|(?:\b(?:org\.apache\.commons\.net|org\.apache\.commons\.net\.ftp|org\.apache\.commons\.net\.telnet|org\.apache\.commons\.net\.io|org\.apache\.commons\.net\.tftp|org\.apache\.commons\.net\.nntp|org\.apache\.commons\.net\.smtp|org\.apache\.commons\.net\.pop3|org\.apache\.commons\.net\.bsd|org\.apache\.commons\.net\.MalformedServerReplyException)\.[A-Za-z_$][\w$]*\b)",Medium,Third-Party Dependencies,Dual-runtime: manage this dependency in Maven/Gradle and upgrade to a maintained Java-8-baseline release; validate on JDK 8 and JDK 21.,Upgrade/Replace,Replace exploded lib with build-managed dependency; choose a release that supports Java 8 and test on JDK 21.,Medium,0.5,64,4,1-fpms,a. UAT TRACK (BAU),PHASE 1,BATCH 9,(blank),SAFE works BOTH JDK (able to Compile - to verify New/Existing JAR & New/Existing API ?),to verify runtime - New/Existing JAR & New/Existing API ?,to verify runtime - New/Existing JAR & New/Existing API ?,Dual-Review,(blank),(blank),P044,UT044,4
229,Set 3 - Third Party,THIRD-PARTY (BARCODE jar),core-3.4.1.jar,Third-party library present in application lib folder (exploded project).,"(?ms)(?:^\s*import\s+(?:static\s+)?(?:com\.google\.zxing|com\.google\.zxing\.oned|com\.google\.zxing\.qrcode|com\.google\.zxing\.client\.result|com\.google\.zxing\.oned\.rss|com\.google\.zxing\.pdf417|com\.google\.zxing\.datamatrix|com\.google\.zxing\.qrcode\.decoder|com\.google\.zxing\.common|com\.google\.zxing\.aztec)(?:\.[\w$]+|\.\*)\s*;)|(?:<%@\s*page\b[^%]*\bimport\s*=\s*\""[^\""]*\b(?:com\.google\.zxing|com\.google\.zxing\.oned|com\.google\.zxing\.qrcode|com\.google\.zxing\.client\.result|com\.google\.zxing\.oned\.rss|com\.google\.zxing\.pdf417|com\.google\.zxing\.datamatrix|com\.google\.zxing\.qrcode\.decoder|com\.google\.zxing\.common|com\.google\.zxing\.aztec)\.)|(?:\b(?:com\.google\.zxing|com\.google\.zxing\.oned|com\.google\.zxing\.qrcode|com\.google\.zxing\.client\.result|com\.google\.zxing\.oned\.rss|com\.google\.zxing\.pdf417|com\.google\.zxing\.datamatrix|com\.google\.zxing\.qrcode\.decoder|com\.google\.zxing\.common|com\.google\.zxing\.aztec)\.[A-Za-z_$][\w$]*\b)",Medium,Third-Party Dependencies,Dual-runtime: manage this dependency in Maven/Gradle and upgrade to a maintained Java-8-baseline release; validate on JDK 8 and JDK 21.,Upgrade/Replace,Replace exploded lib with build-managed dependency; choose a release that supports Java 8 and test on JDK 21.,Medium,0.5,80,6,1-fpms,a. UAT TRACK (BAU),PHASE 1,BATCH 9,(blank),SAFE works BOTH JDK (able to Compile - to verify New/Existing JAR & New/Existing API ?),to verify runtime - New/Existing JAR & New/Existing API ?,to verify runtime - New/Existing JAR & New/Existing API ?,Dual-Review,(blank),(blank),P046,UT046,6
232,Set 3 - Third Party,THIRD-PARTY (DOM4J jar),dom4j-1.5-rc1.jar,Third-party library present in application lib folder (exploded project).,"(?ms)(?:^\s*import\s+(?:static\s+)?(?:org\.dom4j|org\.dom4j\.tree|org\.dom4j\.io|org\.dom4j\.dom|org\.dom4j\.rule|org\.dom4j\.util|org\.dom4j\.persistence|org\.dom4j\.swing|org\.dom4j\.datatype|org\.dom4j\.bean)(?:\.[\w$]+|\.\*)\s*;)|(?:<%@\s*page\b[^%]*\bimport\s*=\s*\""[^\""]*\b(?:org\.dom4j|org\.dom4j\.tree|org\.dom4j\.io|org\.dom4j\.dom|org\.dom4j\.rule|org\.dom4j\.util|org\.dom4j\.persistence|org\.dom4j\.swing|org\.dom4j\.datatype|org\.dom4j\.bean)\.)|(?:\b(?:org\.dom4j|org\.dom4j\.tree|org\.dom4j\.io|org\.dom4j\.dom|org\.dom4j\.rule|org\.dom4j\.util|org\.dom4j\.persistence|org\.dom4j\.swing|org\.dom4j\.datatype|org\.dom4j\.bean)\.[A-Za-z_$][\w$]*\b)",Medium,Third-Party Dependencies,Dual-runtime: manage this dependency in Maven/Gradle and upgrade to a maintained Java-8-baseline release; validate on JDK 8 and JDK 21.,Upgrade/Replace,Replace exploded lib with build-managed dependency; choose a release that supports Java 8 and test on JDK 21.,Medium,0.5,79,14,1-fpms,a. UAT TRACK (BAU),PHASE 1,BATCH 9,(blank),SAFE works BOTH JDK (able to Compile - to verify New/Existing JAR & New/Existing API ?),to verify runtime - New/Existing JAR & New/Existing API ?,to verify runtime - New/Existing JAR & New/Existing API ?,Dual-Review,(blank),(blank),P047,UT047,14
236,Set 3 - Third Party,THIRD-PARTY (FOP jar),fop.jar,Third-party library present in application lib folder (exploded project).,"(?ms)(?:^\s*import\s+(?:static\s+)?(?:org\.apache\.fop|org\.apache\.fop\.fo|org\.apache\.fop\.fo\.properties|org\.apache\.fop\.fo\.flow|org\.apache\.fop\.render|org\.apache\.fop\.pdf|org\.apache\.fop\.layout|org\.apache\.fop\.viewer|org\.apache\.fop\.fo\.pagination|org\.apache\.fop\.mif)(?:\.[\w$]+|\.\*)\s*;)|(?:<%@\s*page\b[^%]*\bimport\s*=\s*\""[^\""]*\b(?:org\.apache\.fop|org\.apache\.fop\.fo|org\.apache\.fop\.fo\.properties|org\.apache\.fop\.fo\.flow|org\.apache\.fop\.render|org\.apache\.fop\.pdf|org\.apache\.fop\.layout|org\.apache\.fop\.viewer|org\.apache\.fop\.fo\.pagination|org\.apache\.fop\.mif)\.)|(?:\b(?:org\.apache\.fop|org\.apache\.fop\.fo|org\.apache\.fop\.fo\.properties|org\.apache\.fop\.fo\.flow|org\.apache\.fop\.render|org\.apache\.fop\.pdf|org\.apache\.fop\.layout|org\.apache\.fop\.viewer|org\.apache\.fop\.fo\.pagination|org\.apache\.fop\.mif)\.[A-Za-z_$][\w$]*\b)",Medium,Third-Party Dependencies,Dual-runtime: manage this dependency in Maven/Gradle and upgrade to a maintained Java-8-baseline release; validate on JDK 8 and JDK 21.,Upgrade/Replace,Replace exploded lib with build-managed dependency; choose a release that supports Java 8 and test on JDK 21.,Medium,0.5,71,88,1-fpms,a. UAT TRACK (BAU),PHASE 1,BATCH 9,(blank),SAFE works BOTH JDK (able to Compile - to verify New/Existing JAR & New/Existing API ?),to verify runtime - New/Existing JAR & New/Existing API ?,to verify runtime - New/Existing JAR & New/Existing API ?,Dual-Review;POM,(blank),(blank),P049,UT049,88
243,Set 3 - Third Party,THIRD-PARTY (HTTP jar),httpcore.jar,Third-party library present in application lib folder (exploded project).,"(?ms)(?:^\s*import\s+(?:static\s+)?(?:org\.apache\.http|org\.apache\.http\.impl|org\.apache\.http\.protocol|org\.apache\.http\.impl\.io|org\.apache\.http\.message|org\.apache\.http\.params|org\.apache\.http\.entity|org\.apache\.http\.util|org\.apache\.http\.pool|org\.apache\.http\.config)(?:\.[\w$]+|\.\*)\s*;)|(?:<%@\s*page\b[^%]*\bimport\s*=\s*\""[^\""]*\b(?:org\.apache\.http|org\.apache\.http\.impl|org\.apache\.http\.protocol|org\.apache\.http\.impl\.io|org\.apache\.http\.message|org\.apache\.http\.params|org\.apache\.http\.entity|org\.apache\.http\.util|org\.apache\.http\.pool|org\.apache\.http\.config)\.)|(?:\b(?:org\.apache\.http|org\.apache\.http\.impl|org\.apache\.http\.protocol|org\.apache\.http\.impl\.io|org\.apache\.http\.message|org\.apache\.http\.params|org\.apache\.http\.entity|org\.apache\.http\.util|org\.apache\.http\.pool|org\.apache\.http\.config)\.[A-Za-z_$][\w$]*\b)",Medium,Third-Party Dependencies,Dual-runtime: manage this dependency in Maven/Gradle and upgrade to a maintained Java-8-baseline release; validate on JDK 8 and JDK 21.,Upgrade/Replace,Replace exploded lib with build-managed dependency; choose a release that supports Java 8 and test on JDK 21.,Medium,0.5,67,10,1-fpms,a. UAT TRACK (BAU),PHASE 1,BATCH 9,(blank),SAFE works BOTH JDK (able to Compile - to verify New/Existing JAR & New/Existing API ?),to verify runtime - New/Existing JAR & New/Existing API ?,to verify runtime - New/Existing JAR & New/Existing API ?,Dual-Review,(blank),(blank),P055,UT055,10
244,Set 3 - Third Party,THIRD-PARTY (IBM jar),ibmjcefips.jar,Third-party library present in application lib folder (exploded project).,"(?ms)(?:^\s*import\s+(?:static\s+)?(?:com\.ibm|com\.ibm\.crypto\.fips\.provider|com\.ibm\.Copyright)(?:\.[\w$]+|\.\*)\s*;)|(?:<%@\s*page\b[^%]*\bimport\s*=\s*\""[^\""]*\b(?:com\.ibm|com\.ibm\.crypto\.fips\.provider|com\.ibm\.Copyright)\.)|(?:\b(?:com\.ibm|com\.ibm\.crypto\.fips\.provider|com\.ibm\.Copyright)\.[A-Za-z_$][\w$]*\b)",Medium,Crypto Providers,Dual-runtime: upgrade crypto providers to Java-8-baseline releases and validate provider configuration on JDK 8 and JDK 21.,Upgrade,Upgrade provider jars; validate provider order/FIPS/TLS.,Medium,1,38,39,1-fpms,a. UAT TRACK (BAU),PHASE 1,BATCH 9,"bc-fips-1.0.2.5.jar,bctls-fips-1.0.20",NOT-SAFE works ONLY JDK21 (change to new API and/or new JAR in src),NOT-SAFE,to verify runtime - New JAR & API ?,Dual-Crypto,(blank),(blank),P056,UT056,39
245,Set 3 - Third Party,THIRD-PARTY (IBM jar),ibmjceprovider.jar,Third-party library present in application lib folder (exploded project).,"(?ms)(?:^\s*import\s+(?:static\s+)?(?:com\.ibm|com\.ibm\.crypto|com\.ibm\.crypto\.provider|com\.ibm\.crypto\.tools|com\.ibm\.crypto\.provider\.safkeyring|com\.ibm\.crypto\.provider\.PBEWithSHAAnd2KeyTripleDESCipher|com\.ibm\.crypto\.provider\.PBEWithSHAAnd3KeyTripleDESCipher|com\.ibm\.crypto\.provider\.PBEWithSHA1AndTripleDESCipher|com\.ibm\.crypto\.provider\.PBEWithMD2AndTripleDESCipher|com\.ibm\.crypto\.provider\.PBEWithMD5AndTripleDESCipher)(?:\.[\w$]+|\.\*)\s*;)|(?:<%@\s*page\b[^%]*\bimport\s*=\s*\""[^\""]*\b(?:com\.ibm|com\.ibm\.crypto|com\.ibm\.crypto\.provider|com\.ibm\.crypto\.tools|com\.ibm\.crypto\.provider\.safkeyring|com\.ibm\.crypto\.provider\.PBEWithSHAAnd2KeyTripleDESCipher|com\.ibm\.crypto\.provider\.PBEWithSHAAnd3KeyTripleDESCipher|com\.ibm\.crypto\.provider\.PBEWithSHA1AndTripleDESCipher|com\.ibm\.crypto\.provider\.PBEWithMD2AndTripleDESCipher|com\.ibm\.crypto\.provider\.PBEWithMD5AndTripleDESCipher)\.)|(?:\b(?:com\.ibm|com\.ibm\.crypto|com\.ibm\.crypto\.provider|com\.ibm\.crypto\.tools|com\.ibm\.crypto\.provider\.safkeyring|com\.ibm\.crypto\.provider\.PBEWithSHAAnd2KeyTripleDESCipher|com\.ibm\.crypto\.provider\.PBEWithSHAAnd3KeyTripleDESCipher|com\.ibm\.crypto\.provider\.PBEWithSHA1AndTripleDESCipher|com\.ibm\.crypto\.provider\.PBEWithMD2AndTripleDESCipher|com\.ibm\.crypto\.provider\.PBEWithMD5AndTripleDESCipher)\.[A-Za-z_$][\w$]*\b)",Medium,Crypto Providers,Dual-runtime: upgrade crypto providers to Java-8-baseline releases and validate provider configuration on JDK 8 and JDK 21.,Upgrade,Upgrade provider jars; validate provider order/FIPS/TLS.,Medium,1,51,39,1-fpms,a. UAT TRACK (BAU),PHASE 1,BATCH 9,"bc-fips-1.0.2.5.jar,bctls-fips-1.0.20",SAFE works BOTH JDK (able to Compile - to verify New JAR & API ?),to verify runtime - New JAR & API ?,to verify runtime - New JAR & API ?,Dual-Crypto,(blank),(blank),P057,UT057,39
246,Set 3 - Third Party,THIRD-PARTY (IBM jar),ibmjsseprovider2.jar,Third-party library present in application lib folder (exploded project).,"(?ms)(?:^\s*import\s+(?:static\s+)?(?:com\.ibm|com\.ibm\.jsse2|com\.ibm\.net\.ssl\.www2|com\.ibm\.jsse2\.util|com\.ibm\.jsse|com\.ibm\.compat|com\.ibm\.jsse2\.ProtoSSLEngineResult\$Status|com\.ibm\.jsse2\.SSLServerSocketFactoryImpl|com\.ibm\.jsse2\.HostnameVerifierIgnore|com\.ibm\.jsse2\.SSLSocketFactoryImpl)(?:\.[\w$]+|\.\*)\s*;)|(?:<%@\s*page\b[^%]*\bimport\s*=\s*\""[^\""]*\b(?:com\.ibm|com\.ibm\.jsse2|com\.ibm\.net\.ssl\.www2|com\.ibm\.jsse2\.util|com\.ibm\.jsse|com\.ibm\.compat|com\.ibm\.jsse2\.ProtoSSLEngineResult\$Status|com\.ibm\.jsse2\.SSLServerSocketFactoryImpl|com\.ibm\.jsse2\.HostnameVerifierIgnore|com\.ibm\.jsse2\.SSLSocketFactoryImpl)\.)|(?:\b(?:com\.ibm|com\.ibm\.jsse2|com\.ibm\.net\.ssl\.www2|com\.ibm\.jsse2\.util|com\.ibm\.jsse|com\.ibm\.compat|com\.ibm\.jsse2\.ProtoSSLEngineResult\$Status|com\.ibm\.jsse2\.SSLServerSocketFactoryImpl|com\.ibm\.jsse2\.HostnameVerifierIgnore|com\.ibm\.jsse2\.SSLSocketFactoryImpl)\.[A-Za-z_$][\w$]*\b)",Medium,Crypto Providers,Dual-runtime: upgrade crypto providers to Java-8-baseline releases and validate provider configuration on JDK 8 and JDK 21.,Upgrade,Upgrade provider jars; validate provider order/FIPS/TLS.,Medium,1,52,39,1-fpms,a. UAT TRACK (BAU),PHASE 1,BATCH 9,"bc-fips-1.0.2.5.jar,bctls-fips-1.0.20.jar",SAFE works BOTH JDK (able to Compile - to verify New JAR & API ?),to verify runtime - New JAR & API ?,to verify runtime - New JAR & API ?,Dual-Crypto,(blank),(blank),P058,UT058,39
247,Set 3 - Third Party,THIRD-PARTY (PDF jar),itext-1.3.jar,Third-party library present in application lib folder (exploded project).,"(?ms)(?:^\s*import\s+(?:static\s+)?(?:com\.lowagie|com\.lowagie\.text|com\.lowagie\.text\.pdf|com\.lowagie\.text\.pdf\.codec|com\.lowagie\.text\.rtf|com\.lowagie\.bc\.asn1|com\.lowagie\.tools|com\.lowagie\.text\.html|com\.lowagie\.text\.pdf\.hyphenation|com\.lowagie\.text\.xml)(?:\.[\w$]+|\.\*)\s*;)|(?:<%@\s*page\b[^%]*\bimport\s*=\s*\""[^\""]*\b(?:com\.lowagie|com\.lowagie\.text|com\.lowagie\.text\.pdf|com\.lowagie\.text\.pdf\.codec|com\.lowagie\.text\.rtf|com\.lowagie\.bc\.asn1|com\.lowagie\.tools|com\.lowagie\.text\.html|com\.lowagie\.text\.pdf\.hyphenation|com\.lowagie\.text\.xml)\.)|(?:\b(?:com\.lowagie|com\.lowagie\.text|com\.lowagie\.text\.pdf|com\.lowagie\.text\.pdf\.codec|com\.lowagie\.text\.rtf|com\.lowagie\.bc\.asn1|com\.lowagie\.tools|com\.lowagie\.text\.html|com\.lowagie\.text\.pdf\.hyphenation|com\.lowagie\.text\.xml)\.[A-Za-z_$][\w$]*\b)",Medium,Third-Party Dependencies,Dual-runtime: manage this dependency in Maven/Gradle and upgrade to a maintained Java-8-baseline release; validate on JDK 8 and JDK 21.,Upgrade/Replace,Replace exploded lib with build-managed dependency; choose a release that supports Java 8 and test on JDK 21.,Medium,0.5,40,20,1-fpms,a. UAT TRACK (BAU),PHASE 1,BATCH 9,(blank),SAFE works BOTH JDK (able to Compile - to verify New/Existing JAR & New/Existing API ?),to verify runtime - New/Existing JAR & New/Existing API ?,to verify runtime - New/Existing JAR & New/Existing API ?,Dual-Review,(blank),(blank),P059,UT059,20
248,Set 3 - Third Party,THIRD-PARTY (JACKSON jar),jackson-annotations-2.8.8.jar,Third-party library present in application lib folder (exploded project).,"(?ms)(?:^\s*import\s+(?:static\s+)?(?:com\.fasterxml\.jackson\.annotation|com\.fasterxml\.jackson\.annotation\.ObjectIdGenerators\$IntSequenceGenerator|com\.fasterxml\.jackson\.annotation\.ObjectIdGenerators\$PropertyGenerator|com\.fasterxml\.jackson\.annotation\.ObjectIdGenerators\$StringIdGenerator|com\.fasterxml\.jackson\.annotation\.ObjectIdGenerators\$UUIDGenerator|com\.fasterxml\.jackson\.annotation\.JsonIgnoreProperties\$Value|com\.fasterxml\.jackson\.annotation\.JsonAutoDetect\$Visibility|com\.fasterxml\.jackson\.annotation\.JacksonAnnotationsInside|com\.fasterxml\.jackson\.annotation\.ObjectIdGenerators\$Base|com\.fasterxml\.jackson\.annotation\.ObjectIdGenerators\$None)(?:\.[\w$]+|\.\*)\s*;)|(?:<%@\s*page\b[^%]*\bimport\s*=\s*\""[^\""]*\b(?:com\.fasterxml\.jackson\.annotation|com\.fasterxml\.jackson\.annotation\.ObjectIdGenerators\$IntSequenceGenerator|com\.fasterxml\.jackson\.annotation\.ObjectIdGenerators\$PropertyGenerator|com\.fasterxml\.jackson\.annotation\.ObjectIdGenerators\$StringIdGenerator|com\.fasterxml\.jackson\.annotation\.ObjectIdGenerators\$UUIDGenerator|com\.fasterxml\.jackson\.annotation\.JsonIgnoreProperties\$Value|com\.fasterxml\.jackson\.annotation\.JsonAutoDetect\$Visibility|com\.fasterxml\.jackson\.annotation\.JacksonAnnotationsInside|com\.fasterxml\.jackson\.annotation\.ObjectIdGenerators\$Base|com\.fasterxml\.jackson\.annotation\.ObjectIdGenerators\$None)\.)|(?:\b(?:com\.fasterxml\.jackson\.annotation|com\.fasterxml\.jackson\.annotation\.ObjectIdGenerators\$IntSequenceGenerator|com\.fasterxml\.jackson\.annotation\.ObjectIdGenerators\$PropertyGenerator|com\.fasterxml\.jackson\.annotation\.ObjectIdGenerators\$StringIdGenerator|com\.fasterxml\.jackson\.annotation\.ObjectIdGenerators\$UUIDGenerator|com\.fasterxml\.jackson\.annotation\.JsonIgnoreProperties\$Value|com\.fasterxml\.jackson\.annotation\.JsonAutoDetect\ ...
249,Set 3 - Third Party,THIRD-PARTY (JACKSON jar),jackson-core-2.8.8.jar,Third-party library present in application lib folder (exploded project).,"(?ms)(?:^\s*import\s+(?:static\s+)?(?:com\.fasterxml\.jackson\.core|com\.fasterxml\.jackson\.core\.util|com\.fasterxml\.jackson\.core\.io|com\.fasterxml\.jackson\.core\.json|com\.fasterxml\.jackson\.core\.sym|com\.fasterxml\.jackson\.core\.format|com\.fasterxml\.jackson\.core\.filter|com\.fasterxml\.jackson\.core\.base|com\.fasterxml\.jackson\.core\.type|com\.fasterxml\.jackson\.core\.JsonGenerationException)(?:\.[\w$]+|\.\*)\s*;)|(?:<%@\s*page\b[^%]*\bimport\s*=\s*\""[^\""]*\b(?:com\.fasterxml\.jackson\.core|com\.fasterxml\.jackson\.core\.util|com\.fasterxml\.jackson\.core\.io|com\.fasterxml\.jackson\.core\.json|com\.fasterxml\.jackson\.core\.sym|com\.fasterxml\.jackson\.core\.format|com\.fasterxml\.jackson\.core\.filter|com\.fasterxml\.jackson\.core\.base|com\.fasterxml\.jackson\.core\.type|com\.fasterxml\.jackson\.core\.JsonGenerationException)\.)|(?:\b(?:com\.fasterxml\.jackson\.core|com\.fasterxml\.jackson\.core\.util|com\.fasterxml\.jackson\.core\.io|com\.fasterxml\.jackson\.core\.json|com\.fasterxml\.jackson\.core\.sym|com\.fasterxml\.jackson\.core\.format|com\.fasterxml\.jackson\.core\.filter|com\.fasterxml\.jackson\.core\.base|com\.fasterxml\.jackson\.core\.type|com\.fasterxml\.jackson\.core\.JsonGenerationException)\.[A-Za-z_$][\w$]*\b)",Medium,JSON Binding,Dual-runtime: upgrade Jackson to 2.15+ (Java 8 compatible) and keep modules aligned; validate on JDK 21.,Upgrade,Upgrade jackson-* modules together; run regression tests.,Medium,1,45,16,1-fpms,a. UAT TRACK (BAU),PHASE 1,BATCH 9,(blank),SAFE works BOTH JDK (able to Compile - to verify New/Existing JAR & New/Existing API ?),to verify runtime - New/Existing JAR & New/Existing API ?,to verify runtime - New/Existing JAR & New/Existing API ?,Dual-Jackson,(blank),(blank),P061,UT061,16
250,Set 3 - Third Party,THIRD-PARTY (JACKSON jar),jackson-databind-2.8.8.1.jar,Third-party library present in application lib folder (exploded project).,"(?ms)(?:^\s*import\s+(?:static\s+)?(?:com\.fasterxml\.jackson\.databind|com\.fasterxml\.jackson\.databind\.deser|com\.fasterxml\.jackson\.databind\.ser|com\.fasterxml\.jackson\.databind\.util|com\.fasterxml\.jackson\.databind\.introspect|com\.fasterxml\.jackson\.databind\.node|com\.fasterxml\.jackson\.databind\.jsonFormatVisitors|com\.fasterxml\.jackson\.databind\.jsontype|com\.fasterxml\.jackson\.databind\.type|com\.fasterxml\.jackson\.databind\.annotation)(?:\.[\w$]+|\.\*)\s*;)|(?:<%@\s*page\b[^%]*\bimport\s*=\s*\""[^\""]*\b(?:com\.fasterxml\.jackson\.databind|com\.fasterxml\.jackson\.databind\.deser|com\.fasterxml\.jackson\.databind\.ser|com\.fasterxml\.jackson\.databind\.util|com\.fasterxml\.jackson\.databind\.introspect|com\.fasterxml\.jackson\.databind\.node|com\.fasterxml\.jackson\.databind\.jsonFormatVisitors|com\.fasterxml\.jackson\.databind\.jsontype|com\.fasterxml\.jackson\.databind\.type|com\.fasterxml\.jackson\.databind\.annotation)\.)|(?:\b(?:com\.fasterxml\.jackson\.databind|com\.fasterxml\.jackson\.databind\.deser|com\.fasterxml\.jackson\.databind\.ser|com\.fasterxml\.jackson\.databind\.util|com\.fasterxml\.jackson\.databind\.introspect|com\.fasterxml\.jackson\.databind\.node|com\.fasterxml\.jackson\.databind\.jsonFormatVisitors|com\.fasterxml\.jackson\.databind\.jsontype|com\.fasterxml\.jackson\.databind\.type|com\.fasterxml\.jackson\.databind\.annotation)\.[A-Za-z_$][\w$]*\b)",Medium,JSON Binding,Dual-runtime: upgrade Jackson to 2.15+ (Java 8 compatible) and keep modules aligned; validate on JDK 21.,Upgrade,Upgrade jackson-* modules together; run regression tests.,Medium,1,46,43,1-fpms,a. UAT TRACK (BAU),PHASE 1,BATCH 9,(blank),SAFE works BOTH JDK (able to Compile - to verify New/Existing JAR & New/Existing API ?),to verify runtime - New/Existing JAR & New/Existing API ?,to verify runtime - New/Existing JAR & New/Existing API  ...
251,Set 3 - Third Party,THIRD-PARTY (JACKSON jar),jackson-databind-2.8.8.jar,Third-party library present in application lib folder (exploded project).,"(?ms)(?:^\s*import\s+(?:static\s+)?(?:com\.fasterxml\.jackson\.databind|com\.fasterxml\.jackson\.databind\.deser|com\.fasterxml\.jackson\.databind\.ser|com\.fasterxml\.jackson\.databind\.util|com\.fasterxml\.jackson\.databind\.introspect|com\.fasterxml\.jackson\.databind\.node|com\.fasterxml\.jackson\.databind\.jsonFormatVisitors|com\.fasterxml\.jackson\.databind\.jsontype|com\.fasterxml\.jackson\.databind\.type|com\.fasterxml\.jackson\.databind\.annotation)(?:\.[\w$]+|\.\*)\s*;)|(?:<%@\s*page\b[^%]*\bimport\s*=\s*\""[^\""]*\b(?:com\.fasterxml\.jackson\.databind|com\.fasterxml\.jackson\.databind\.deser|com\.fasterxml\.jackson\.databind\.ser|com\.fasterxml\.jackson\.databind\.util|com\.fasterxml\.jackson\.databind\.introspect|com\.fasterxml\.jackson\.databind\.node|com\.fasterxml\.jackson\.databind\.jsonFormatVisitors|com\.fasterxml\.jackson\.databind\.jsontype|com\.fasterxml\.jackson\.databind\.type|com\.fasterxml\.jackson\.databind\.annotation)\.)|(?:\b(?:com\.fasterxml\.jackson\.databind|com\.fasterxml\.jackson\.databind\.deser|com\.fasterxml\.jackson\.databind\.ser|com\.fasterxml\.jackson\.databind\.util|com\.fasterxml\.jackson\.databind\.introspect|com\.fasterxml\.jackson\.databind\.node|com\.fasterxml\.jackson\.databind\.jsonFormatVisitors|com\.fasterxml\.jackson\.databind\.jsontype|com\.fasterxml\.jackson\.databind\.type|com\.fasterxml\.jackson\.databind\.annotation)\.[A-Za-z_$][\w$]*\b)",Medium,JSON Binding,Dual-runtime: upgrade Jackson to 2.15+ (Java 8 compatible) and keep modules aligned; validate on JDK 21.,Upgrade,Upgrade jackson-* modules together; run regression tests.,Medium,1,47,43,1-fpms,a. UAT TRACK (BAU),PHASE 1,BATCH 9,(blank),SAFE works BOTH JDK (able to Compile - to verify New/Existing JAR & New/Existing API ?),to verify runtime - New/Existing JAR & New/Existing API ?,to verify runtime - New/Existing JAR & New/Existing API ?, ...
254,Set 3 - Third Party,THIRD-PARTY (BARCODE jar),javase-3.4.1.jar,Third-party library present in application lib folder (exploded project).,"(?ms)(?:^\s*import\s+(?:static\s+)?(?:com\.google\.zxing\.client\.j2se)(?:\.[\w$]+|\.\*)\s*;)|(?:<%@\s*page\b[^%]*\bimport\s*=\s*\""[^\""]*\b(?:com\.google\.zxing\.client\.j2se)\.)|(?:\b(?:com\.google\.zxing\.client\.j2se)\.[A-Za-z_$][\w$]*\b)",Medium,Third-Party Dependencies,Dual-runtime: manage this dependency in Maven/Gradle and upgrade to a maintained Java-8-baseline release; validate on JDK 8 and JDK 21.,Upgrade/Replace,Replace exploded lib with build-managed dependency; choose a release that supports Java 8 and test on JDK 21.,Medium,0.5,41,1,1-fpms,a. UAT TRACK (BAU),PHASE 1,BATCH 9,(blank),SAFE works BOTH JDK (able to Compile - to verify New/Existing JAR & New/Existing API ?),to verify runtime - New/Existing JAR & New/Existing API ?,to verify runtime - New/Existing JAR & New/Existing API ?,Dual-Review,(blank),(blank),P065,UT065,1
260,Set 3 - Third Party,THIRD-PARTY (JDOM jar),jdom.jar,Third-party library present in application lib folder (exploded project).,"(?ms)(?:^\s*import\s+(?:static\s+)?(?:org\.jdom|org\.jdom\.output|org\.jdom\.transform|org\.jdom\.adapters|org\.jdom\.filter|org\.jdom\.input|org\.jdom\.xpath|org\.jdom\.transform\.JDOMResult\$FragmentHandler|org\.jdom\.transform\.JDOMResult\$DocumentBuilder|org\.jdom\.transform\.JDOMSource\$JDOMInputSource)(?:\.[\w$]+|\.\*)\s*;)|(?:<%@\s*page\b[^%]*\bimport\s*=\s*\""[^\""]*\b(?:org\.jdom|org\.jdom\.output|org\.jdom\.transform|org\.jdom\.adapters|org\.jdom\.filter|org\.jdom\.input|org\.jdom\.xpath|org\.jdom\.transform\.JDOMResult\$FragmentHandler|org\.jdom\.transform\.JDOMResult\$DocumentBuilder|org\.jdom\.transform\.JDOMSource\$JDOMInputSource)\.)|(?:\b(?:org\.jdom|org\.jdom\.output|org\.jdom\.transform|org\.jdom\.adapters|org\.jdom\.filter|org\.jdom\.input|org\.jdom\.xpath|org\.jdom\.transform\.JDOMResult\$FragmentHandler|org\.jdom\.transform\.JDOMResult\$DocumentBuilder|org\.jdom\.transform\.JDOMSource\$JDOMInputSource)\.[A-Za-z_$][\w$]*\b)",Medium,Third-Party Dependencies,Dual-runtime: manage this dependency in Maven/Gradle and upgrade to a maintained Java-8-baseline release; validate on JDK 8 and JDK 21.,Upgrade/Replace,Replace exploded lib with build-managed dependency; choose a release that supports Java 8 and test on JDK 21.,Medium,0.5,69,207,1-fpms,a. UAT TRACK (BAU),PHASE 1,BATCH 9,(blank),SAFE works BOTH JDK (able to Compile - to verify New/Existing JAR & New/Existing API ?),to verify runtime - New/Existing JAR & New/Existing API ?,to verify runtime - New/Existing JAR & New/Existing API ?,Dual-Review;POM,(blank),(blank),P068,UT068,207
261,Set 3 - Third Party,THIRD-PARTY (CHART jar),jfreechart-0.9.20.jar,Third-party library present in application lib folder (exploded project).,"(?ms)(?:^\s*import\s+(?:static\s+)?(?:org\.jfree|org\.jfree\.chart|org\.jfree\.data|org\.jfree\.chart\.renderer|org\.jfree\.chart\.axis|org\.jfree\.chart\.plot|org\.jfree\.chart\.labels|org\.jfree\.data\.time|org\.jfree\.chart\.event|org\.jfree\.data\.statistics)(?:\.[\w$]+|\.\*)\s*;)|(?:<%@\s*page\b[^%]*\bimport\s*=\s*\""[^\""]*\b(?:org\.jfree|org\.jfree\.chart|org\.jfree\.data|org\.jfree\.chart\.renderer|org\.jfree\.chart\.axis|org\.jfree\.chart\.plot|org\.jfree\.chart\.labels|org\.jfree\.data\.time|org\.jfree\.chart\.event|org\.jfree\.data\.statistics)\.)|(?:\b(?:org\.jfree|org\.jfree\.chart|org\.jfree\.data|org\.jfree\.chart\.renderer|org\.jfree\.chart\.axis|org\.jfree\.chart\.plot|org\.jfree\.chart\.labels|org\.jfree\.data\.time|org\.jfree\.chart\.event|org\.jfree\.data\.statistics)\.[A-Za-z_$][\w$]*\b)",Medium,Third-Party Dependencies,Dual-runtime: manage this dependency in Maven/Gradle and upgrade to a maintained Java-8-baseline release; validate on JDK 8 and JDK 21.,Upgrade/Replace,Replace exploded lib with build-managed dependency; choose a release that supports Java 8 and test on JDK 21.,Medium,0.5,75,14,1-fpms,a. UAT TRACK (BAU),PHASE 1,BATCH 9,jfreechart-1.5.4.jar,SAFE works BOTH JDK (able to Compile - to verify New JAR & API ?),to verify runtime - New JAR & API ?,to verify runtime - New JAR & API ?,Dual-Review,(blank),(blank),P069,UT069,14
264,Set 3 - Third Party,THIRD-PARTY (DB jar),jt400.jar,Third-party library present in application lib folder (exploded project).,"(?ms)(?:^\s*import\s+(?:static\s+)?(?:com\.ibm\.as400|com\.ibm\.as400\.access|com\.ibm\.as400\.vaccess|com\.ibm\.as400\.resource|com\.ibm\.as400\.util|com\.ibm\.as400\.util\.commtrace|com\.ibm\.as400\.data|com\.ibm\.as400\.security|com\.ibm\.as400\.security\.auth|com\.ibm\.as400\.micro)(?:\.[\w$]+|\.\*)\s*;)|(?:<%@\s*page\b[^%]*\bimport\s*=\s*\""[^\""]*\b(?:com\.ibm\.as400|com\.ibm\.as400\.access|com\.ibm\.as400\.vaccess|com\.ibm\.as400\.resource|com\.ibm\.as400\.util|com\.ibm\.as400\.util\.commtrace|com\.ibm\.as400\.data|com\.ibm\.as400\.security|com\.ibm\.as400\.security\.auth|com\.ibm\.as400\.micro)\.)|(?:\b(?:com\.ibm\.as400|com\.ibm\.as400\.access|com\.ibm\.as400\.vaccess|com\.ibm\.as400\.resource|com\.ibm\.as400\.util|com\.ibm\.as400\.util\.commtrace|com\.ibm\.as400\.data|com\.ibm\.as400\.security|com\.ibm\.as400\.security\.auth|com\.ibm\.as400\.micro)\.[A-Za-z_$][\w$]*\b)",Medium,Third-Party Dependencies,Dual-runtime: manage this dependency in Maven/Gradle and upgrade to a maintained Java-8-baseline release; validate on JDK 8 and JDK 21.,Upgrade/Replace,Replace exploded lib with build-managed dependency; choose a release that supports Java 8 and test on JDK 21.,Medium,0.5,70,1,1-fpms,a. UAT TRACK (BAU),PHASE 1,BATCH 9,(blank),SAFE works BOTH JDK (able to Compile - to verify New/Existing JAR & New/Existing API ?),to verify runtime - New/Existing JAR & New/Existing API ?,to verify runtime - New/Existing JAR & New/Existing API ?,Dual-Review,(blank),(blank),P072,UT072,1
274,Set 3 - Third Party,THIRD-PARTY (DB jar),ojdbc14.jar,Third-party library present in application lib folder (exploded project).,"(?ms)(?:^\s*import\s+(?:static\s+)?(?:oracle\.jdbc|oracle\.jdbc\.driver|oracle\.net|oracle\.sql|oracle\.net\.nl|oracle\.jdbc\.oracore|oracle\.net\.nl\.mesg|oracle\.jdbc\.pool|oracle\.jdbc\.rowset|oracle\.net\.ns)(?:\.[\w$]+|\.\*)\s*;)|(?:<%@\s*page\b[^%]*\bimport\s*=\s*\""[^\""]*\b(?:oracle\.jdbc|oracle\.jdbc\.driver|oracle\.net|oracle\.sql|oracle\.net\.nl|oracle\.jdbc\.oracore|oracle\.net\.nl\.mesg|oracle\.jdbc\.pool|oracle\.jdbc\.rowset|oracle\.net\.ns)\.)|(?:\b(?:oracle\.jdbc|oracle\.jdbc\.driver|oracle\.net|oracle\.sql|oracle\.net\.nl|oracle\.jdbc\.oracore|oracle\.net\.nl\.mesg|oracle\.jdbc\.pool|oracle\.jdbc\.rowset|oracle\.net\.ns)\.[A-Za-z_$][\w$]*\b)",High,Driver Upgrade,Dual-runtime: replace old Oracle JDBC jars with ojdbc8 (Java 8 baseline) and validate on JDK 21; avoid ojdbc11 if JDK 8 runtime must remain supported.,Upgrade,Replace driver jar; validate TLS/timezone/NLS on both runtimes.,Medium,1,49,33,1-fpms,a. UAT TRACK (BAU),PHASE 1,BATCH 9,(blank),SAFE works BOTH JDK (able to Compile - to verify New/Existing JAR & New/Existing API ?),to verify runtime - New/Existing JAR & New/Existing API ?,to verify runtime - New/Existing JAR & New/Existing API ?,Dual-JDBC-Upgrade,(blank),(blank),P080,UT080,33
275,Set 3 - Third Party,THIRD-PARTY (DB jar),ojdbc6.jar,Third-party library present in application lib folder (exploded project).,"(?ms)(?:^\s*import\s+(?:static\s+)?(?:oracle\.jdbc|oracle\.jdbc\.driver|oracle\.net|oracle\.jdbc\.proxy|oracle\.sql|oracle\.jdbc\.internal|oracle\.jdbc\.replay|oracle\.jdbc\.replay\.driver|oracle\.net\.jdbc|oracle\.net\.jdbc\.nl)(?:\.[\w$]+|\.\*)\s*;)|(?:<%@\s*page\b[^%]*\bimport\s*=\s*\""[^\""]*\b(?:oracle\.jdbc|oracle\.jdbc\.driver|oracle\.net|oracle\.jdbc\.proxy|oracle\.sql|oracle\.jdbc\.internal|oracle\.jdbc\.replay|oracle\.jdbc\.replay\.driver|oracle\.net\.jdbc|oracle\.net\.jdbc\.nl)\.)|(?:\b(?:oracle\.jdbc|oracle\.jdbc\.driver|oracle\.net|oracle\.jdbc\.proxy|oracle\.sql|oracle\.jdbc\.internal|oracle\.jdbc\.replay|oracle\.jdbc\.replay\.driver|oracle\.net\.jdbc|oracle\.net\.jdbc\.nl)\.[A-Za-z_$][\w$]*\b)",Medium,Driver Upgrade,Dual-runtime: replace old Oracle JDBC jars with ojdbc8 (Java 8 baseline) and validate on JDK 21; avoid ojdbc11 if JDK 8 runtime must remain supported.,Upgrade,Replace driver jar; validate TLS/timezone/NLS on both runtimes.,Medium,0.75,50,33,1-fpms,a. UAT TRACK (BAU),PHASE 1,BATCH 9,(blank),SAFE works BOTH JDK (able to Compile - to verify New/Existing JAR & New/Existing API ?),to verify runtime - New/Existing JAR & New/Existing API ?,to verify runtime - New/Existing JAR & New/Existing API ?,Dual-JDBC-Upgrade,(blank),(blank),P081,UT081,33
277,Set 3 - Third Party,THIRD-PARTY (POI jar),poi-3.8-20120326.jar,Third-party library present in application lib folder (exploded project).,"(?ms)(?:^\s*import\s+(?:static\s+)?(?:org\.apache\.poi|org\.apache\.poi\.ss|org\.apache\.poi\.hssf|org\.apache\.poi\.ss\.formula|org\.apache\.poi\.hssf\.record|org\.apache\.poi\.ss\.usermodel|org\.apache\.poi\.poifs|org\.apache\.poi\.hssf\.util|org\.apache\.poi\.hssf\.usermodel|org\.apache\.poi\.hpsf)(?:\.[\w$]+|\.\*)\s*;)|(?:<%@\s*page\b[^%]*\bimport\s*=\s*\""[^\""]*\b(?:org\.apache\.poi|org\.apache\.poi\.ss|org\.apache\.poi\.hssf|org\.apache\.poi\.ss\.formula|org\.apache\.poi\.hssf\.record|org\.apache\.poi\.ss\.usermodel|org\.apache\.poi\.poifs|org\.apache\.poi\.hssf\.util|org\.apache\.poi\.hssf\.usermodel|org\.apache\.poi\.hpsf)\.)|(?:\b(?:org\.apache\.poi|org\.apache\.poi\.ss|org\.apache\.poi\.hssf|org\.apache\.poi\.ss\.formula|org\.apache\.poi\.hssf\.record|org\.apache\.poi\.ss\.usermodel|org\.apache\.poi\.poifs|org\.apache\.poi\.hssf\.util|org\.apache\.poi\.hssf\.usermodel|org\.apache\.poi\.hpsf)\.[A-Za-z_$][\w$]*\b)",Medium,Third-Party Dependencies,Dual-runtime: manage this dependency in Maven/Gradle and upgrade to a maintained Java-8-baseline release; validate on JDK 8 and JDK 21.,Upgrade/Replace,Replace exploded lib with build-managed dependency; choose a release that supports Java 8 and test on JDK 21.,Medium,0.5,72,43,1-fpms,a. UAT TRACK (BAU),PHASE 1,BATCH 9,(blank),SAFE works BOTH JDK (able to Compile - to verify New/Existing JAR & New/Existing API ?),to verify runtime - New/Existing JAR & New/Existing API ?,to verify runtime - New/Existing JAR & New/Existing API ?,Dual-Review,(blank),(blank),P082,UT082,43
278,Set 3 - Third Party,THIRD-PARTY (POI jar),poi-ooxml-3.8-20120326.jar,Third-party library present in application lib folder (exploded project).,"(?ms)(?:^\s*import\s+(?:static\s+)?(?:org\.apache\.poi|org\.apache\.poi\.xslf|org\.apache\.poi\.xssf|org\.apache\.poi\.xslf\.usermodel|org\.apache\.poi\.xssf\.usermodel|org\.apache\.poi\.xslf\.model|org\.apache\.poi\.openxml4j|org\.apache\.poi\.xwpf|org\.apache\.poi\.xwpf\.usermodel|org\.apache\.poi\.openxml4j\.opc)(?:\.[\w$]+|\.\*)\s*;)|(?:<%@\s*page\b[^%]*\bimport\s*=\s*\""[^\""]*\b(?:org\.apache\.poi|org\.apache\.poi\.xslf|org\.apache\.poi\.xssf|org\.apache\.poi\.xslf\.usermodel|org\.apache\.poi\.xssf\.usermodel|org\.apache\.poi\.xslf\.model|org\.apache\.poi\.openxml4j|org\.apache\.poi\.xwpf|org\.apache\.poi\.xwpf\.usermodel|org\.apache\.poi\.openxml4j\.opc)\.)|(?:\b(?:org\.apache\.poi|org\.apache\.poi\.xslf|org\.apache\.poi\.xssf|org\.apache\.poi\.xslf\.usermodel|org\.apache\.poi\.xssf\.usermodel|org\.apache\.poi\.xslf\.model|org\.apache\.poi\.openxml4j|org\.apache\.poi\.xwpf|org\.apache\.poi\.xwpf\.usermodel|org\.apache\.poi\.openxml4j\.opc)\.[A-Za-z_$][\w$]*\b)",Medium,Third-Party Dependencies,Dual-runtime: manage this dependency in Maven/Gradle and upgrade to a maintained Java-8-baseline release; validate on JDK 8 and JDK 21.,Upgrade/Replace,Replace exploded lib with build-managed dependency; choose a release that supports Java 8 and test on JDK 21.,Medium,0.5,73,43,1-fpms,a. UAT TRACK (BAU),PHASE 1,BATCH 9,(blank),SAFE works BOTH JDK (able to Compile - to verify New/Existing JAR & New/Existing API ?),to verify runtime - New/Existing JAR & New/Existing API ?,to verify runtime - New/Existing JAR & New/Existing API ?,Dual-Review,(blank),(blank),P083,UT083,43
287,Set 3 - Third Party,THIRD-PARTY (SPRING jar),spring-beans.jar,Third-party library present in application lib folder (exploded project).,"(?ms)(?:^\s*import\s+(?:static\s+)?(?:org\.springframework\.beans|org\.springframework\.beans\.factory|org\.springframework\.beans\.factory\.support|org\.springframework\.beans\.factory\.config|org\.springframework\.beans\.factory\.xml|org\.springframework\.beans\.propertyeditors|org\.springframework\.beans\.factory\.annotation|org\.springframework\.beans\.factory\.parsing|org\.springframework\.beans\.factory\.groovy|org\.springframework\.beans\.factory\.access)(?:\.[\w$]+|\.\*)\s*;)|(?:<%@\s*page\b[^%]*\bimport\s*=\s*\""[^\""]*\b(?:org\.springframework\.beans|org\.springframework\.beans\.factory|org\.springframework\.beans\.factory\.support|org\.springframework\.beans\.factory\.config|org\.springframework\.beans\.factory\.xml|org\.springframework\.beans\.propertyeditors|org\.springframework\.beans\.factory\.annotation|org\.springframework\.beans\.factory\.parsing|org\.springframework\.beans\.factory\.groovy|org\.springframework\.beans\.factory\.access)\.)|(?:\b(?:org\.springframework\.beans|org\.springframework\.beans\.factory|org\.springframework\.beans\.factory\.support|org\.springframework\.beans\.factory\.config|org\.springframework\.beans\.factory\.xml|org\.springframework\.beans\.propertyeditors|org\.springframework\.beans\.factory\.annotation|org\.springframework\.beans\.factory\.parsing|org\.springframework\.beans\.factory\.groovy|org\.springframework\.beans\.factory\.access)\.[A-Za-z_$][\w$]*\b)",Medium,Framework Old Version,Dual-runtime: move to Spring Framework 5.3.x line (Java 8 baseline) via Maven/Gradle BOM; avoid Spring 6/Jakarta-only.,Upgrade,Adopt dependency management; upgrade Spring to 5.3.x; re-test on both runtimes.,Medium,2,53,8,1-fpms,a. UAT TRACK (BAU),PHASE 1,BATCH 9,(blank),SAFE works BOTH JDK (able to Compile - to verify New/Existing JAR & New/Existing API ?),to verify runtime - New/Existing JAR & New/Existing API ?,to verify run ...
288,Set 3 - Third Party,THIRD-PARTY (SPRING jar),spring-context.jar,Third-party library present in application lib folder (exploded project).,"(?ms)(?:^\s*import\s+(?:static\s+)?(?:org\.springframework\.context|org\.springframework\.format|org\.springframework\.context\.annotation|org\.springframework\.cache|org\.springframework\.format\.datetime|org\.springframework\.jmx|org\.springframework\.scheduling|org\.springframework\.jmx\.export|org\.springframework\.context\.support|org\.springframework\.cache\.interceptor)(?:\.[\w$]+|\.\*)\s*;)|(?:<%@\s*page\b[^%]*\bimport\s*=\s*\""[^\""]*\b(?:org\.springframework\.context|org\.springframework\.format|org\.springframework\.context\.annotation|org\.springframework\.cache|org\.springframework\.format\.datetime|org\.springframework\.jmx|org\.springframework\.scheduling|org\.springframework\.jmx\.export|org\.springframework\.context\.support|org\.springframework\.cache\.interceptor)\.)|(?:\b(?:org\.springframework\.context|org\.springframework\.format|org\.springframework\.context\.annotation|org\.springframework\.cache|org\.springframework\.format\.datetime|org\.springframework\.jmx|org\.springframework\.scheduling|org\.springframework\.jmx\.export|org\.springframework\.context\.support|org\.springframework\.cache\.interceptor)\.[A-Za-z_$][\w$]*\b)",Medium,Framework Old Version,Dual-runtime: move to Spring Framework 5.3.x line (Java 8 baseline) via Maven/Gradle BOM; avoid Spring 6/Jakarta-only.,Upgrade,Adopt dependency management; upgrade Spring to 5.3.x; re-test on both runtimes.,Medium,2,54,1,1-fpms,a. UAT TRACK (BAU),PHASE 1,BATCH 9,(blank),SAFE works BOTH JDK (able to Compile - to verify New/Existing JAR & New/Existing API ?),to verify runtime - New/Existing JAR & New/Existing API ?,to verify runtime - New/Existing JAR & New/Existing API ?,Dual-Spring53,(blank),(blank),P086,UT086,1
289,Set 3 - Third Party,THIRD-PARTY (SPRING jar),spring-core.jar,Third-party library present in application lib folder (exploded project).,"(?ms)(?:^\s*import\s+(?:static\s+)?(?:org\.springframework\.core|org\.springframework\.cglib|org\.springframework\.util|org\.springframework\.cglib\.core|org\.springframework\.core\.convert|org\.springframework\.core\.convert\.support|org\.springframework\.cglib\.proxy|org\.springframework\.cglib\.transform|org\.springframework\.objenesis|org\.springframework\.core\.io)(?:\.[\w$]+|\.\*)\s*;)|(?:<%@\s*page\b[^%]*\bimport\s*=\s*\""[^\""]*\b(?:org\.springframework\.core|org\.springframework\.cglib|org\.springframework\.util|org\.springframework\.cglib\.core|org\.springframework\.core\.convert|org\.springframework\.core\.convert\.support|org\.springframework\.cglib\.proxy|org\.springframework\.cglib\.transform|org\.springframework\.objenesis|org\.springframework\.core\.io)\.)|(?:\b(?:org\.springframework\.core|org\.springframework\.cglib|org\.springframework\.util|org\.springframework\.cglib\.core|org\.springframework\.core\.convert|org\.springframework\.core\.convert\.support|org\.springframework\.cglib\.proxy|org\.springframework\.cglib\.transform|org\.springframework\.objenesis|org\.springframework\.core\.io)\.[A-Za-z_$][\w$]*\b)",Medium,Framework Old Version,Dual-runtime: move to Spring Framework 5.3.x line (Java 8 baseline) via Maven/Gradle BOM; avoid Spring 6/Jakarta-only.,Upgrade,Adopt dependency management; upgrade Spring to 5.3.x; re-test on both runtimes.,Medium,2,55,6,1-fpms,a. UAT TRACK (BAU),PHASE 1,BATCH 9,(blank),SAFE works BOTH JDK (able to Compile - to verify New/Existing JAR & New/Existing API ?),to verify runtime - New/Existing JAR & New/Existing API ?,to verify runtime - New/Existing JAR & New/Existing API ?,Dual-Spring53,(blank),(blank),P087,UT087,6
291,Set 3 - Third Party,THIRD-PARTY (SPRING jar),spring-web.jar,Third-party library present in application lib folder (exploded project).,"(?ms)(?:^\s*import\s+(?:static\s+)?(?:org\.springframework\.web|org\.springframework\.http|org\.springframework\.web\.context|org\.springframework\.http\.client|org\.springframework\.web\.bind|org\.springframework\.web\.util|org\.springframework\.http\.converter|org\.springframework\.web\.context\.request|org\.springframework\.web\.method|org\.springframework\.web\.context\.support)(?:\.[\w$]+|\.\*)\s*;)|(?:<%@\s*page\b[^%]*\bimport\s*=\s*\""[^\""]*\b(?:org\.springframework\.web|org\.springframework\.http|org\.springframework\.web\.context|org\.springframework\.http\.client|org\.springframework\.web\.bind|org\.springframework\.web\.util|org\.springframework\.http\.converter|org\.springframework\.web\.context\.request|org\.springframework\.web\.method|org\.springframework\.web\.context\.support)\.)|(?:\b(?:org\.springframework\.web|org\.springframework\.http|org\.springframework\.web\.context|org\.springframework\.http\.client|org\.springframework\.web\.bind|org\.springframework\.web\.util|org\.springframework\.http\.converter|org\.springframework\.web\.context\.request|org\.springframework\.web\.method|org\.springframework\.web\.context\.support)\.[A-Za-z_$][\w$]*\b)",Medium,Framework Old Version,Dual-runtime: move to Spring Framework 5.3.x line (Java 8 baseline) via Maven/Gradle BOM; avoid Spring 6/Jakarta-only.,Upgrade,Adopt dependency management; upgrade Spring to 5.3.x; re-test on both runtimes.,Medium,2,56,17,1-fpms,a. UAT TRACK (BAU),PHASE 1,BATCH 9,(blank),SAFE works BOTH JDK (able to Compile - to verify New/Existing JAR & New/Existing API ?),to verify runtime - New/Existing JAR & New/Existing API ?,to verify runtime - New/Existing JAR & New/Existing API ?,Dual-Spring53,(blank),(blank),P088,UT088,17
293,Set 3 - Third Party,THIRD-PARTY (SSH jar),sshj-0.35.0.jar,Third-party library present in application lib folder (exploded project).,"(?ms)(?:^\s*import\s+(?:static\s+)?(?:net\.schmizz|net\.schmizz\.sshj|net\.schmizz\.sshj\.transport|com\.hierynomus\.sshj|net\.schmizz\.sshj\.userauth|net\.schmizz\.sshj\.connection|net\.schmizz\.sshj\.common|net\.schmizz\.sshj\.connection\.channel|net\.schmizz\.sshj\.sftp|com\.hierynomus\.sshj\.transport)(?:\.[\w$]+|\.\*)\s*;)|(?:<%@\s*page\b[^%]*\bimport\s*=\s*\""[^\""]*\b(?:net\.schmizz|net\.schmizz\.sshj|net\.schmizz\.sshj\.transport|com\.hierynomus\.sshj|net\.schmizz\.sshj\.userauth|net\.schmizz\.sshj\.connection|net\.schmizz\.sshj\.common|net\.schmizz\.sshj\.connection\.channel|net\.schmizz\.sshj\.sftp|com\.hierynomus\.sshj\.transport)\.)|(?:\b(?:net\.schmizz|net\.schmizz\.sshj|net\.schmizz\.sshj\.transport|com\.hierynomus\.sshj|net\.schmizz\.sshj\.userauth|net\.schmizz\.sshj\.connection|net\.schmizz\.sshj\.common|net\.schmizz\.sshj\.connection\.channel|net\.schmizz\.sshj\.sftp|com\.hierynomus\.sshj\.transport)\.[A-Za-z_$][\w$]*\b)",Medium,Third-Party Dependencies,Dual-runtime: manage this dependency in Maven/Gradle and upgrade to a maintained Java-8-baseline release; validate on JDK 8 and JDK 21.,Upgrade/Replace,Replace exploded lib with build-managed dependency; choose a release that supports Java 8 and test on JDK 21.,Medium,0.5,66,7,1-fpms,a. UAT TRACK (BAU),PHASE 1,BATCH 9,(blank),SAFE works BOTH JDK (able to Compile - to verify New/Existing JAR & New/Existing API ?),to verify runtime - New/Existing JAR & New/Existing API ?,to verify runtime - New/Existing JAR & New/Existing API ?,Dual-Review,(blank),(blank),P089,UT089,7
306,Set 3 - Third Party,THIRD-PARTY (XML jar),xstream-1.1.jar,Third-party library present in application lib folder (exploded project).,"(?ms)(?:^\s*import\s+(?:static\s+)?(?:com\.thoughtworks\.xstream|com\.thoughtworks\.xstream\.converters|com\.thoughtworks\.xstream\.core|com\.thoughtworks\.xstream\.io|com\.thoughtworks\.xstream\.io\.xml|com\.thoughtworks\.xstream\.converters\.reflection|com\.thoughtworks\.xstream\.converters\.extended|com\.thoughtworks\.xstream\.converters\.basic|com\.thoughtworks\.xstream\.core\.util|com\.thoughtworks\.xstream\.converters\.collections)(?:\.[\w$]+|\.\*)\s*;)|(?:<%@\s*page\b[^%]*\bimport\s*=\s*\""[^\""]*\b(?:com\.thoughtworks\.xstream|com\.thoughtworks\.xstream\.converters|com\.thoughtworks\.xstream\.core|com\.thoughtworks\.xstream\.io|com\.thoughtworks\.xstream\.io\.xml|com\.thoughtworks\.xstream\.converters\.reflection|com\.thoughtworks\.xstream\.converters\.extended|com\.thoughtworks\.xstream\.converters\.basic|com\.thoughtworks\.xstream\.core\.util|com\.thoughtworks\.xstream\.converters\.collections)\.)|(?:\b(?:com\.thoughtworks\.xstream|com\.thoughtworks\.xstream\.converters|com\.thoughtworks\.xstream\.core|com\.thoughtworks\.xstream\.io|com\.thoughtworks\.xstream\.io\.xml|com\.thoughtworks\.xstream\.converters\.reflection|com\.thoughtworks\.xstream\.converters\.extended|com\.thoughtworks\.xstream\.converters\.basic|com\.thoughtworks\.xstream\.core\.util|com\.thoughtworks\.xstream\.converters\.collections)\.[A-Za-z_$][\w$]*\b)",Medium,Third-Party Dependencies,Dual-runtime: manage this dependency in Maven/Gradle and upgrade to a maintained Java-8-baseline release; validate on JDK 8 and JDK 21.,Upgrade/Replace,Replace exploded lib with build-managed dependency; choose a release that supports Java 8 and test on JDK 21.,Medium,0.5,65,25,1-fpms,a. UAT TRACK (BAU),PHASE 1,BATCH 9,(blank),SAFE works BOTH JDK (able to Compile - to verify New/Existing JAR & New/Existing API ?),to verify runtime - New/Existing JAR & New/Existing API ?,to verify runtime - New/Existin ...

